,name,res_time,n_comments,label
0,Microsoft/vscode/gfi_issue75574.yaml,4 days 14:42:38.000000000,446,1
1,Microsoft/vscode/gfi_issue64379.yaml,2 days 22:13:12.000000000,786,1
2,Material-UI/material-ui/gfi_issue7081.yaml,0 days 05:40:16.000000000,5998,1
3,Node.js/node/gfi_issue28408.yaml,206 days 00:40:54.000000000,194,1
4,Microsoft/TypeScript/gfi_issue25129.yaml,7 days 23:46:49.000000000,631,1
5,Node.js/node/gfi_issue11500.yaml,686 days 05:40:05.000000000,1222,1
6,Microsoft/TypeScript/gfi_issue21617.yaml,53 days 12:37:37.000000000,766,1
7,Material-UI/material-ui/gfi_issue15253.yaml,30 days 09:39:55.000000000,3013,1
8,Material-UI/material-ui/gfi_issue15858.yaml,0 days 23:36:11.000000000,2859,1
9,Node.js/node/gfi_issue19371.yaml,13 days 22:16:36.000000000,615,1
10,Material-UI/material-ui/gfi_issue11650.yaml,0 days 20:51:59.000000000,4625,1
11,Material-UI/material-ui/gfi_issue17667.yaml,1 days 13:26:32.000000000,1894,1
12,Node.js/node/gfi_issue23491.yaml,18 days 12:51:38.000000000,384,1
13,Material-UI/material-ui/gfi_issue13951.yaml,2 days 11:46:35.000000000,3654,1
14,Node.js/node/gfi_issue32252.yaml,28 days 17:50:38.000000000,59,1
15,Material-UI/material-ui/gfi_issue18424.yaml,0 days 14:33:55.000000000,1504,1
16,Electron/electron/gfi_issue4101.yaml,7 days 09:10:34.000000000,826,1
17,Material-UI/material-ui/gfi_issue18044.yaml,3 days 03:45:21.000000000,1720,1
18,Node.js/node/gfi_issue17592.yaml,353 days 00:35:26.000000000,729,1
19,Microsoft/TypeScript/gfi_issue30995.yaml,21 days 05:26:34.000000000,298,1
20,Material-UI/material-ui/gfi_issue12518.yaml,1 days 00:03:51.000000000,4283,1
21,Material-UI/material-ui/gfi_issue17276.yaml,0 days 08:01:36.000000000,2117,1
22,Material-UI/material-ui/gfi_issue18793.yaml,0 days 23:02:27.000000000,1188,1
23,Microsoft/TypeScript/gfi_issue22179.yaml,12 days 06:20:22.000000000,747,1
24,Kubernetes/kubernetes/gfi_issue71866.yaml,14 days 19:10:29.000000000,645,1
25,Kubernetes/kubernetes/gfi_issue92672.yaml,8 days 14:56:04.000000000,30,1
26,Kubernetes/kubernetes/gfi_issue72915.yaml,365 days 21:02:57.000000000,601,1
27,Material-UI/material-ui/gfi_issue19459.yaml,2 days 23:48:03.000000000,814,1
28,Material-UI/material-ui/gfi_issue16408.yaml,1 days 00:00:26.000000000,2562,1
29,Material-UI/material-ui/gfi_issue12283.yaml,2 days 15:41:14.000000000,4363,1
30,Material-UI/material-ui/gfi_issue14555.yaml,115 days 05:42:31.000000000,3288,1
31,Material-UI/material-ui/gfi_issue9538.yaml,2 days 23:21:48.000000000,5309,1
32,Material-UI/material-ui/gfi_issue16837.yaml,1 days 05:58:44.000000000,2330,1
33,Material-UI/material-ui/gfi_issue15150.yaml,1 days 13:45:56.000000000,3080,1
34,Material-UI/material-ui/gfi_issue12480.yaml,4 days 22:24:46.000000000,4292,1
35,Vercel (formerly ZEIT)/next.js/gfi_issue9669.yaml,43 days 04:46:41.000000000,892,1
36,Microsoft/vscode/gfi_issue74281.yaml,35 days 01:55:16.000000000,488,1
37,Node.js/node/gfi_issue29424.yaml,14 days 09:47:17.000000000,154,1
38,Vercel (formerly ZEIT)/next.js/gfi_issue9192.yaml,70 days 14:10:58.000000000,1077,1
39,Material-UI/material-ui/gfi_issue15214.yaml,2 days 20:04:29.000000000,3041,1
40,Microsoft/TypeScript/gfi_issue27886.yaml,12 days 10:06:58.000000000,494,1
41,Microsoft/TypeScript/gfi_issue37987.yaml,22 days 21:44:41.000000000,36,1
42,Electron/electron/gfi_issue4479.yaml,127 days 22:37:42.000000000,795,1
43,Material-UI/material-ui/gfi_issue14320.yaml,10 days 11:58:35.000000000,3458,1
44,Microsoft/TypeScript/gfi_issue20018.yaml,51 days 06:13:44.000000000,886,1
45,Material-UI/material-ui/gfi_issue18822.yaml,3 days 16:09:01.000000000,1145,1
46,Node.js/node/gfi_issue3189.yaml,1 days 06:59:02.000000000,2050,1
47,Node.js/node/gfi_issue30801.yaml,18 days 15:03:33.000000000,89,1
48,Microsoft/vscode/gfi_issue78984.yaml,44 days 22:28:57.000000000,370,1
49,Microsoft/TypeScript/gfi_issue16800.yaml,1 days 03:14:55.000000000,1085,1
50,Microsoft/TypeScript/gfi_issue22082.yaml,8 days 05:27:49.000000000,750,1
51,Material-UI/material-ui/gfi_issue10630.yaml,1 days 06:08:33.000000000,4908,1
52,Microsoft/vscode/gfi_issue28475.yaml,344 days 07:42:41.000000000,1836,1
53,Vercel (formerly ZEIT)/next.js/gfi_issue11505.yaml,1 days 12:07:40.000000000,553,1
54,Microsoft/TypeScript/gfi_issue28977.yaml,5 days 16:36:48.000000000,437,1
55,Electron/electron/gfi_issue3031.yaml,0 days 04:26:17.000000000,917,1
56,Material-UI/material-ui/gfi_issue14875.yaml,2 days 18:16:26.000000000,3159,1
57,Microsoft/TypeScript/gfi_issue28086.yaml,84 days 02:29:15.000000000,465,1
58,Material-UI/material-ui/gfi_issue18114.yaml,168 days 05:23:10.000000000,1697,1
59,Microsoft/vscode/gfi_issue31055.yaml,111 days 19:18:16.000000000,1727,1
60,Material-UI/material-ui/gfi_issue9421.yaml,3 days 21:50:27.000000000,5386,1
61,Material-UI/material-ui/gfi_issue13482.yaml,5 days 01:57:02.000000000,3901,1
62,Material-UI/material-ui/gfi_issue5288.yaml,109 days 10:43:40.000000000,6120,1
63,Material-UI/material-ui/gfi_issue18254.yaml,0 days 21:30:44.000000000,1606,1
64,Electron/electron/gfi_issue3558.yaml,44 days 22:45:37.000000000,856,1
65,Material-UI/material-ui/gfi_issue20277.yaml,82 days 16:11:02.000000000,473,1
66,Microsoft/vscode/gfi_issue90734.yaml,50 days 23:02:30.000000000,176,1
67,Material-UI/material-ui/gfi_issue18421.yaml,0 days 21:13:57.000000000,1506,1
68,Material-UI/material-ui/gfi_issue17098.yaml,1 days 11:09:27.000000000,2179,1
69,Material-UI/material-ui/gfi_issue16558.yaml,44 days 02:08:00.000000000,2483,1
70,Microsoft/vscode/gfi_issue45219.yaml,88 days 21:53:44.000000000,1285,1
71,Material-UI/material-ui/gfi_issue18756.yaml,29 days 19:51:41.000000000,1229,1
72,Vercel (formerly ZEIT)/next.js/gfi_issue10929.yaml,14 days 20:24:53.000000000,649,1
73,Electron/electron/gfi_issue2937.yaml,15 days 22:25:26.000000000,943,1
74,Microsoft/vscode/gfi_issue55915.yaml,36 days 15:27:32.000000000,1009,1
75,Microsoft/vscode/gfi_issue92279.yaml,60 days 09:27:17.000000000,149,1
76,Node.js/node/gfi_issue7890.yaml,16 days 03:00:47.000000000,1732,1
77,Material-UI/material-ui/gfi_issue19368.yaml,6 days 13:53:51.000000000,864,1
78,Material-UI/material-ui/gfi_issue8062.yaml,4 days 11:03:27.000000000,5775,1
79,Material-UI/material-ui/gfi_issue10327.yaml,255 days 09:13:45.000000000,5035,1
80,Microsoft/vscode/gfi_issue21376.yaml,576 days 21:24:32.000000000,2077,1
81,Material-UI/material-ui/gfi_issue18448.yaml,1 days 03:16:40.000000000,1463,1
82,Material-UI/material-ui/gfi_issue16935.yaml,12 days 16:38:58.000000000,2264,1
83,Electron/electron/gfi_issue6978.yaml,5 days 18:47:14.000000000,521,1
84,Vercel (formerly ZEIT)/next.js/gfi_issue12310.yaml,8 days 07:10:49.000000000,405,1
85,Material-UI/material-ui/gfi_issue8293.yaml,1 days 20:33:30.000000000,5695,1
86,Material-UI/material-ui/gfi_issue12948.yaml,478 days 20:14:10.000000000,4103,1
87,Microsoft/TypeScript/gfi_issue25896.yaml,631 days 01:54:56.000000000,584,1
88,Material-UI/material-ui/gfi_issue9683.yaml,0 days 17:22:51.000000000,5241,1
89,Deno Land/deno/gfi_issue4554.yaml,0 days 09:44:07.000000000,91,1
90,Microsoft/vscode/gfi_issue18745.yaml,16 days 06:55:23.000000000,2128,1
91,Node.js/node/gfi_issue10793.yaml,14 days 00:40:30.000000000,1325,1
92,Electron/electron/gfi_issue5363.yaml,62 days 00:12:22.000000000,725,1
93,Microsoft/TypeScript/gfi_issue17542.yaml,787 days 19:03:09.000000000,1045,1
94,Node.js/node/gfi_issue6506.yaml,70 days 22:32:04.000000000,1838,1
95,Material-UI/material-ui/gfi_issue19709.yaml,29 days 14:47:49.000000000,631,1
96,Material-UI/material-ui/gfi_issue12114.yaml,0 days 13:12:11.000000000,4424,1
97,Material-UI/material-ui/gfi_issue10473.yaml,0 days 11:24:30.000000000,4979,1
98,Material-UI/material-ui/gfi_issue20585.yaml,0 days 01:53:20.000000000,384,1
99,Microsoft/vscode/gfi_issue10164.yaml,3 days 10:48:10.000000000,2292,1
100,Material-UI/material-ui/gfi_issue19665.yaml,95 days 08:28:52.000000000,695,1
101,Microsoft/vscode/gfi_issue76885.yaml,0 days 15:09:41.000000000,414,1
102,Material-UI/material-ui/gfi_issue10265.yaml,0 days 23:51:37.000000000,5056,1
103,Electron/electron/gfi_issue4272.yaml,2 days 18:27:33.000000000,814,1
104,Microsoft/TypeScript/gfi_issue31233.yaml,59 days 01:37:23.000000000,274,1
105,Microsoft/vscode/gfi_issue67424.yaml,113 days 17:55:04.000000000,664,1
106,Material-UI/material-ui/gfi_issue5735.yaml,1268 days 23:17:59.000000000,6079,1
107,Material-UI/material-ui/gfi_issue20963.yaml,7 days 16:15:31.000000000,249,1
108,Node.js/node/gfi_issue12274.yaml,124 days 19:11:31.000000000,1124,1
109,Deno Land/deno/gfi_issue4187.yaml,118 days 21:02:53.000000000,155,1
110,Material-UI/material-ui/gfi_issue5257.yaml,254 days 18:34:29.000000000,6131,1
111,Material-UI/material-ui/gfi_issue19883.yaml,25 days 13:28:27.000000000,568,1
112,Node.js/node/gfi_issue14985.yaml,54 days 21:47:19.000000000,917,1
113,Material-UI/material-ui/gfi_issue20582.yaml,18 days 03:50:36.000000000,395,1
114,Microsoft/TypeScript/gfi_issue22944.yaml,42 days 10:59:23.000000000,711,1
115,Electron/electron/gfi_issue3864.yaml,12 days 16:00:02.000000000,842,1
116,Microsoft/vscode/gfi_issue54204.yaml,62 days 17:16:12.000000000,1068,1
117,Microsoft/TypeScript/gfi_issue17392.yaml,8 days 19:20:38.000000000,1060,1
118,Kubernetes/kubernetes/gfi_issue78285.yaml,5 days 03:51:06.000000000,458,1
119,Node.js/node/gfi_issue11717.yaml,2 days 15:51:26.000000000,1186,1
120,Microsoft/vscode/gfi_issue59372.yaml,377 days 22:10:42.000000000,891,1
121,Microsoft/TypeScript/gfi_issue27622.yaml,13 days 20:42:49.000000000,499,1
122,Material-UI/material-ui/gfi_issue7678.yaml,123 days 16:10:06.000000000,5855,1
123,Vercel (formerly ZEIT)/next.js/gfi_issue14187.yaml,0 days 18:35:21.000000000,152,1
124,Material-UI/material-ui/gfi_issue8088.yaml,0 days 10:12:42.000000000,5773,1
125,Material-UI/material-ui/gfi_issue16925.yaml,9 days 01:17:17.000000000,2278,1
126,Microsoft/vscode/gfi_issue74147.yaml,154 days 20:18:58.000000000,492,1
127,Kubernetes/kubernetes/gfi_issue79835.yaml,0 days 23:35:02.000000000,360,1
128,Microsoft/vscode/gfi_issue35182.yaml,55 days 12:34:55.000000000,1617,1
129,Electron/electron/gfi_issue3735.yaml,2 days 06:45:56.000000000,848,1
130,Material-UI/material-ui/gfi_issue16802.yaml,10 days 17:19:49.000000000,2364,1
131,Electron/electron/gfi_issue2826.yaml,6 days 05:35:23.000000000,973,1
132,Material-UI/material-ui/gfi_issue13833.yaml,5 days 20:48:29.000000000,3710,1
133,Microsoft/TypeScript/gfi_issue26580.yaml,85 days 08:25:12.000000000,545,1
134,Microsoft/vscode/gfi_issue33983.yaml,55 days 04:55:24.000000000,1649,1
135,Material-UI/material-ui/gfi_issue9396.yaml,0 days 10:22:54.000000000,5404,1
136,Material-UI/material-ui/gfi_issue8861.yaml,8 days 14:35:06.000000000,5572,1
137,Material-UI/material-ui/gfi_issue18221.yaml,1 days 12:00:54.000000000,1638,1
138,Electron/electron/gfi_issue16508.yaml,13 days 17:28:58.000000000,52,1
139,Material-UI/material-ui/gfi_issue15544.yaml,1 days 01:10:28.000000000,2942,1
140,Material-UI/material-ui/gfi_issue14014.yaml,4 days 18:22:27.000000000,3634,1
141,Microsoft/TypeScript/gfi_issue16214.yaml,261 days 16:22:19.000000000,1115,1
142,Microsoft/TypeScript/gfi_issue5203.yaml,1060 days 23:02:11.000000000,1671,1
143,Material-UI/material-ui/gfi_issue20607.yaml,1 days 04:57:18.000000000,377,1
144,Material-UI/material-ui/gfi_issue10378.yaml,0 days 00:48:25.000000000,5023,1
145,Electron/electron/gfi_issue3367.yaml,15 days 02:54:33.000000000,891,1
146,Material-UI/material-ui/gfi_issue16357.yaml,167 days 23:34:53.000000000,2665,1
147,Microsoft/TypeScript/gfi_issue37523.yaml,2 days 14:26:55.000000000,55,1
148,Microsoft/TypeScript/gfi_issue33603.yaml,1 days 02:00:41.000000000,204,1
149,Vercel (formerly ZEIT)/next.js/gfi_issue10388.yaml,0 days 14:53:49.000000000,733,1
150,Microsoft/vscode/gfi_issue25541.yaml,326 days 01:23:23.000000000,1890,1
151,Material-UI/material-ui/gfi_issue16374.yaml,131 days 12:23:34.000000000,2640,1
152,Microsoft/TypeScript/gfi_issue1789.yaml,487 days 02:20:03.000000000,1784,1
153,Material-UI/material-ui/gfi_issue18790.yaml,1 days 23:50:48.000000000,1191,1
154,Material-UI/material-ui/gfi_issue10607.yaml,38 days 20:15:51.000000000,4926,1
155,Microsoft/vscode/gfi_issue49902.yaml,126 days 20:32:53.000000000,1159,1
156,Material-UI/material-ui/gfi_issue13302.yaml,2 days 08:49:30.000000000,3967,1
157,Microsoft/TypeScript/gfi_issue6500.yaml,9 days 07:41:44.000000000,1507,1
158,Material-UI/material-ui/gfi_issue16686.yaml,8 days 14:27:15.000000000,2382,1
159,Node.js/node/gfi_issue22472.yaml,27 days 03:30:03.000000000,411,1
160,Microsoft/TypeScript/gfi_issue28063.yaml,51 days 21:30:25.000000000,474,1
161,Electron/electron/gfi_issue6664.yaml,4 days 23:44:19.000000000,542,1
162,Material-UI/material-ui/gfi_issue11658.yaml,145 days 22:53:20.000000000,4623,1
163,Microsoft/vscode/gfi_issue28393.yaml,6 days 11:47:26.000000000,1836,1
164,Vercel (formerly ZEIT)/next.js/gfi_issue9830.yaml,128 days 02:05:44.000000000,879,1
165,Electron/electron/gfi_issue9170.yaml,93 days 13:14:30.000000000,192,1
166,Material-UI/material-ui/gfi_issue18337.yaml,63 days 18:37:22.000000000,1536,1
167,Material-UI/material-ui/gfi_issue14655.yaml,1 days 00:13:48.000000000,3260,1
168,Material-UI/material-ui/gfi_issue18978.yaml,3 days 04:19:34.000000000,1054,1
169,Microsoft/TypeScript/gfi_issue4828.yaml,81 days 20:43:22.000000000,1718,1
170,Microsoft/TypeScript/gfi_issue3886.yaml,85 days 21:33:10.000000000,1738,1
171,Vercel (formerly ZEIT)/next.js/gfi_issue9678.yaml,29 days 09:34:11.000000000,887,1
172,Microsoft/vscode/gfi_issue23178.yaml,0 days 06:27:01.000000000,1960,1
173,Material-UI/material-ui/gfi_issue19870.yaml,2 days 13:36:36.000000000,576,1
174,Material-UI/material-ui/gfi_issue8753.yaml,13 days 09:21:24.000000000,5598,1
175,Microsoft/vscode/gfi_issue41519.yaml,157 days 00:20:58.000000000,1445,1
176,Microsoft/vscode/gfi_issue18999.yaml,14 days 18:26:45.000000000,2125,1
177,Material-UI/material-ui/gfi_issue17116.yaml,1 days 02:54:19.000000000,2172,1
178,Deno Land/deno/gfi_issue534.yaml,2 days 02:40:50.000000000,323,1
179,Material-UI/material-ui/gfi_issue4849.yaml,218 days 00:52:26.000000000,6142,1
180,Electron/electron/gfi_issue8948.yaml,123 days 05:33:42.000000000,233,1
181,Node.js/node/gfi_issue9853.yaml,674 days 14:30:10.000000000,1378,1
182,Electron/electron/gfi_issue14842.yaml,486 days 05:47:27.000000000,70,1
183,Vercel (formerly ZEIT)/next.js/gfi_issue12139.yaml,19 days 17:33:46.000000000,428,1
184,Microsoft/TypeScript/gfi_issue9004.yaml,10 days 07:01:49.000000000,1368,1
185,Material-UI/material-ui/gfi_issue11803.yaml,1 days 00:44:19.000000000,4582,1
186,Microsoft/vscode/gfi_issue83452.yaml,1 days 14:34:27.000000000,240,1
187,Microsoft/vscode/gfi_issue55946.yaml,106 days 18:24:41.000000000,1008,1
188,Microsoft/vscode/gfi_issue13257.yaml,198 days 04:39:47.000000000,2246,1
189,Material-UI/material-ui/gfi_issue18678.yaml,0 days 03:43:19.000000000,1245,1
190,Vercel (formerly ZEIT)/next.js/gfi_issue14440.yaml,1 days 01:23:25.000000000,111,1
191,Node.js/node/gfi_issue27292.yaml,2 days 08:22:33.000000000,250,1
192,Node.js/node/gfi_issue27531.yaml,336 days 11:40:24.000000000,242,1
193,Microsoft/vscode/gfi_issue88125.yaml,3 days 20:03:05.000000000,205,1
194,Material-UI/material-ui/gfi_issue19869.yaml,0 days 04:37:37.000000000,577,1
195,Material-UI/material-ui/gfi_issue18499.yaml,1 days 21:39:38.000000000,1432,1
196,Microsoft/vscode/gfi_issue76042.yaml,60 days 07:09:26.000000000,442,1
197,Microsoft/vscode/gfi_issue39458.yaml,201 days 02:18:30.000000000,1480,1
198,Microsoft/vscode/gfi_issue12926.yaml,19 days 13:40:42.000000000,2255,1
199,Material-UI/material-ui/gfi_issue17138.yaml,3 days 17:16:28.000000000,2144,1
200,Material-UI/material-ui/gfi_issue11085.yaml,29 days 10:29:13.000000000,4796,1
201,vuejs/vue/gfi_issue8017.yaml,231 days 05:05:21.000000000,84,1
202,Electron/electron/gfi_issue1080.yaml,491 days 01:51:28.000000000,1099,1
203,Material-UI/material-ui/gfi_issue8092.yaml,0 days 09:56:25.000000000,5772,1
204,Material-UI/material-ui/gfi_issue17764.yaml,11 days 07:54:10.000000000,1860,1
205,Material-UI/material-ui/gfi_issue6746.yaml,70 days 03:27:11.000000000,6028,1
206,Node.js/node/gfi_issue27750.yaml,2 days 19:48:47.000000000,196,1
207,Material-UI/material-ui/gfi_issue18873.yaml,0 days 19:39:01.000000000,1105,1
208,Material-UI/material-ui/gfi_issue20366.yaml,2 days 10:22:41.000000000,439,1
209,Node.js/node/gfi_issue6821.yaml,498 days 08:59:42.000000000,1781,1
210,Material-UI/material-ui/gfi_issue13974.yaml,4 days 12:39:53.000000000,3651,1
211,Material-UI/material-ui/gfi_issue17585.yaml,0 days 00:28:27.000000000,1927,1
212,Microsoft/vscode/gfi_issue27331.yaml,168 days 02:57:02.000000000,1870,1
213,Microsoft/vscode/gfi_issue60904.yaml,224 days 19:25:21.000000000,814,1
214,Material-UI/material-ui/gfi_issue9240.yaml,2 days 10:07:45.000000000,5422,1
215,vuejs/vue/gfi_issue5628.yaml,24 days 12:49:35.000000000,131,1
216,Material-UI/material-ui/gfi_issue12291.yaml,0 days 03:19:39.000000000,4346,1
217,Electron/electron/gfi_issue7525.yaml,6 days 08:06:58.000000000,469,1
218,Node.js/node/gfi_issue9840.yaml,25 days 13:55:56.000000000,1381,1
219,Material-UI/material-ui/gfi_issue11380.yaml,173 days 22:15:24.000000000,4710,1
220,Vercel (formerly ZEIT)/next.js/gfi_issue9428.yaml,7 days 18:28:32.000000000,995,1
221,Node.js/node/gfi_issue21957.yaml,495 days 10:39:27.000000000,436,1
222,Material-UI/material-ui/gfi_issue9505.yaml,2 days 04:39:19.000000000,5319,1
223,Vercel (formerly ZEIT)/next.js/gfi_issue9617.yaml,8 days 01:27:18.000000000,906,1
224,Material-UI/material-ui/gfi_issue20136.yaml,14 days 07:18:20.000000000,508,1
225,Node.js/node/gfi_issue12341.yaml,22 days 19:35:36.000000000,1099,1
226,Microsoft/TypeScript/gfi_issue32542.yaml,34 days 01:09:52.000000000,236,1
227,Microsoft/vscode/gfi_issue64902.yaml,42 days 23:28:52.000000000,781,1
228,Deno Land/deno/gfi_issue5008.yaml,4 days 22:41:28.000000000,55,1
229,Microsoft/TypeScript/gfi_issue19847.yaml,812 days 00:57:28.000000000,903,1
230,Material-UI/material-ui/gfi_issue6100.yaml,67 days 21:05:13.000000000,6059,1
231,Node.js/node/gfi_issue31220.yaml,84 days 03:45:17.000000000,73,1
232,Microsoft/vscode/gfi_issue12997.yaml,3 days 19:19:45.000000000,2250,1
233,Microsoft/vscode/gfi_issue24283.yaml,5 days 08:49:48.000000000,1932,1
234,Electron/electron/gfi_issue4839.yaml,3 days 21:13:53.000000000,770,1
235,Vercel (formerly ZEIT)/next.js/gfi_issue12920.yaml,4 days 23:41:43.000000000,346,1
236,Microsoft/vscode/gfi_issue11907.yaml,252 days 02:08:21.000000000,2285,1
237,Microsoft/TypeScript/gfi_issue36102.yaml,63 days 12:12:24.000000000,124,1
238,Material-UI/material-ui/gfi_issue13000.yaml,0 days 20:49:13.000000000,4070,1
239,Material-UI/material-ui/gfi_issue9405.yaml,3 days 13:10:03.000000000,5402,1
240,Material-UI/material-ui/gfi_issue18373.yaml,1 days 16:09:23.000000000,1513,1
241,Material-UI/material-ui/gfi_issue14284.yaml,1 days 12:04:12.000000000,3483,1
242,Electron/electron/gfi_issue6305.yaml,0 days 19:45:38.000000000,598,1
243,Material-UI/material-ui/gfi_issue8797.yaml,0 days 13:54:37.000000000,5589,1
244,Material-UI/material-ui/gfi_issue12727.yaml,1 days 17:25:12.000000000,4224,1
245,Material-UI/material-ui/gfi_issue16619.yaml,0 days 22:45:26.000000000,2424,1
246,Microsoft/vscode/gfi_issue22215.yaml,155 days 20:04:32.000000000,2036,1
247,Microsoft/TypeScript/gfi_issue30850.yaml,355 days 01:07:42.000000000,302,1
248,Microsoft/TypeScript/gfi_issue29289.yaml,191 days 01:33:03.000000000,393,1
249,Material-UI/material-ui/gfi_issue9365.yaml,6 days 20:59:24.000000000,5407,1
250,Material-UI/material-ui/gfi_issue12326.yaml,40 days 18:47:06.000000000,4328,1
251,Node.js/node/gfi_issue12234.yaml,105 days 05:25:12.000000000,1131,1
252,Material-UI/material-ui/gfi_issue14133.yaml,3 days 12:57:52.000000000,3573,1
253,Material-UI/material-ui/gfi_issue18029.yaml,2 days 06:33:14.000000000,1727,1
254,Microsoft/vscode/gfi_issue22422.yaml,18 days 21:20:12.000000000,2026,1
255,Microsoft/TypeScript/gfi_issue5720.yaml,0 days 11:06:26.000000000,1619,1
256,Electron/electron/gfi_issue4709.yaml,125 days 10:02:42.000000000,779,1
257,Microsoft/TypeScript/gfi_issue29032.yaml,19 days 23:59:40.000000000,432,1
258,Microsoft/vscode/gfi_issue48928.yaml,16 days 13:23:41.000000000,1168,1
259,Vercel (formerly ZEIT)/next.js/gfi_issue14607.yaml,1 days 13:21:40.000000000,89,1
260,Material-UI/material-ui/gfi_issue8559.yaml,0 days 22:57:38.000000000,5640,1
261,Material-UI/material-ui/gfi_issue20709.yaml,1 days 11:52:31.000000000,338,1
262,Microsoft/TypeScript/gfi_issue9110.yaml,45 days 23:40:48.000000000,1357,1
263,Electron/electron/gfi_issue3602.yaml,208 days 04:20:37.000000000,854,1
264,Node.js/node/gfi_issue29397.yaml,4 days 09:44:14.000000000,159,1
265,Material-UI/material-ui/gfi_issue5143.yaml,73 days 17:59:20.000000000,6135,1
266,Electron/electron/gfi_issue15792.yaml,84 days 05:18:13.000000000,59,1
267,Electron/electron/gfi_issue6536.yaml,16 days 23:35:21.000000000,577,1
268,Material-UI/material-ui/gfi_issue16983.yaml,0 days 11:28:04.000000000,2229,1
269,Material-UI/material-ui/gfi_issue18456.yaml,9 days 14:04:01.000000000,1456,1
270,Microsoft/vscode/gfi_issue9768.yaml,558 days 22:32:48.000000000,2301,1
271,Node.js/node/gfi_issue27100.yaml,152 days 01:53:10.000000000,266,1
272,Electron/electron/gfi_issue6898.yaml,284 days 07:55:34.000000000,532,1
273,Material-UI/material-ui/gfi_issue20804.yaml,4 days 19:24:53.000000000,301,1
274,Microsoft/vscode/gfi_issue38524.yaml,1 days 02:10:37.000000000,1489,1
275,Material-UI/material-ui/gfi_issue12563.yaml,1 days 01:05:19.000000000,4265,1
276,Material-UI/material-ui/gfi_issue9583.yaml,6 days 16:26:21.000000000,5288,1
277,Material-UI/material-ui/gfi_issue10696.yaml,0 days 05:29:54.000000000,4894,1
278,Electron/electron/gfi_issue3413.yaml,0 days 19:54:13.000000000,879,1
279,Microsoft/vscode/gfi_issue60131.yaml,382 days 16:13:54.000000000,848,1
280,Microsoft/vscode/gfi_issue24396.yaml,408 days 10:53:25.000000000,1932,1
281,Microsoft/vscode/gfi_issue47348.yaml,5 days 12:39:34.000000000,1211,1
282,Material-UI/material-ui/gfi_issue10609.yaml,0 days 09:02:20.000000000,4918,1
283,Deno Land/deno/gfi_issue792.yaml,0 days 09:51:53.000000000,309,1
284,Node.js/node/gfi_issue1545.yaml,347 days 09:56:31.000000000,2229,1
285,Node.js/node/gfi_issue10354.yaml,549 days 00:43:55.000000000,1359,1
286,Node.js/node/gfi_issue16973.yaml,10 days 22:32:01.000000000,775,1
287,Kubernetes/kubernetes/gfi_issue75491.yaml,113 days 16:08:45.000000000,495,1
288,Microsoft/vscode/gfi_issue48038.yaml,582 days 01:19:43.000000000,1195,1
289,Material-UI/material-ui/gfi_issue17101.yaml,0 days 23:18:50.000000000,2176,1
290,Microsoft/vscode/gfi_issue45592.yaml,1 days 15:08:48.000000000,1272,1
291,Electron/electron/gfi_issue9283.yaml,516 days 16:43:54.000000000,181,1
292,Microsoft/TypeScript/gfi_issue19680.yaml,4 days 10:52:51.000000000,911,1
293,Material-UI/material-ui/gfi_issue12047.yaml,118 days 15:08:21.000000000,4496,1
294,Node.js/node/gfi_issue18302.yaml,9 days 10:21:16.000000000,691,1
295,Electron/electron/gfi_issue4879.yaml,64 days 09:43:53.000000000,769,1
296,Material-UI/material-ui/gfi_issue15183.yaml,5 days 19:15:11.000000000,3062,1
297,Node.js/node/gfi_issue5031.yaml,1 days 13:08:00.000000000,1925,1
298,Material-UI/material-ui/gfi_issue7293.yaml,5 days 01:42:42.000000000,5988,1
299,Material-UI/material-ui/gfi_issue17464.yaml,1 days 19:19:40.000000000,2002,1
300,Electron/electron/gfi_issue1692.yaml,839 days 03:10:11.000000000,1090,1
301,Material-UI/material-ui/gfi_issue14515.yaml,2 days 07:17:45.000000000,3308,1
302,Microsoft/TypeScript/gfi_issue21932.yaml,2 days 17:09:10.000000000,752,1
303,Material-UI/material-ui/gfi_issue16201.yaml,1 days 00:54:50.000000000,2756,1
304,Electron/electron/gfi_issue5343.yaml,4 days 15:27:40.000000000,726,1
305,Vercel (formerly ZEIT)/next.js/gfi_issue14409.yaml,8 days 05:22:05.000000000,124,1
306,Node.js/node/gfi_issue24732.yaml,11 days 23:30:34.000000000,342,1
307,Deno Land/deno/gfi_issue1133.yaml,14 days 09:29:00.000000000,297,1
308,Kubernetes/kubernetes/gfi_issue91944.yaml,10 days 16:59:26.000000000,75,1
309,Node.js/node/gfi_issue24395.yaml,135 days 05:19:30.000000000,347,1
310,Material-UI/material-ui/gfi_issue12179.yaml,4 days 11:24:26.000000000,4408,1
311,Microsoft/vscode/gfi_issue81878.yaml,4 days 22:12:55.000000000,271,1
312,Material-UI/material-ui/gfi_issue8980.yaml,0 days 04:14:41.000000000,5529,1
313,Microsoft/TypeScript/gfi_issue10843.yaml,4 days 19:45:37.000000000,1182,1
314,Microsoft/vscode/gfi_issue46123.yaml,177 days 18:52:15.000000000,1268,1
315,Material-UI/material-ui/gfi_issue14491.yaml,5 days 04:48:58.000000000,3316,1
316,Node.js/node/gfi_issue8442.yaml,234 days 04:21:27.000000000,1716,1
317,Node.js/node/gfi_issue30482.yaml,13 days 15:01:38.000000000,124,1
318,Material-UI/material-ui/gfi_issue16149.yaml,7 days 03:34:59.000000000,2780,1
319,Material-UI/material-ui/gfi_issue21492.yaml,4 days 13:17:50.000000000,111,1
320,Material-UI/material-ui/gfi_issue18815.yaml,79 days 13:22:22.000000000,1176,1
321,Material-UI/material-ui/gfi_issue21102.yaml,0 days 21:55:05.000000000,202,1
322,Vercel (formerly ZEIT)/next.js/gfi_issue9978.yaml,98 days 14:50:20.000000000,792,1
323,Electron/electron/gfi_issue6734.yaml,48 days 11:12:36.000000000,541,1
324,Node.js/node/gfi_issue11550.yaml,20 days 06:02:42.000000000,1201,1
325,Material-UI/material-ui/gfi_issue10499.yaml,41 days 20:46:14.000000000,4978,1
326,Material-UI/material-ui/gfi_issue10846.yaml,8 days 06:15:21.000000000,4851,1
327,Electron/electron/gfi_issue18126.yaml,49 days 20:53:25.000000000,52,1
328,Material-UI/material-ui/gfi_issue17634.yaml,0 days 23:31:16.000000000,1915,1
329,Electron/electron/gfi_issue3224.yaml,114 days 16:56:28.000000000,901,1
330,Material-UI/material-ui/gfi_issue21049.yaml,1 days 14:07:34.000000000,216,1
331,Node.js/node/gfi_issue19619.yaml,7 days 11:32:49.000000000,601,1
332,Material-UI/material-ui/gfi_issue8869.yaml,1 days 06:02:42.000000000,5563,1
333,Microsoft/vscode/gfi_issue81876.yaml,0 days 18:59:42.000000000,273,1
334,Node.js/node/gfi_issue6341.yaml,429 days 12:46:44.000000000,1845,1
335,Node.js/node/gfi_issue23205.yaml,7 days 01:33:01.000000000,394,1
336,Material-UI/material-ui/gfi_issue16907.yaml,3 days 07:48:54.000000000,2305,1
337,Microsoft/vscode/gfi_issue84983.yaml,68 days 05:20:37.000000000,232,1
338,Vercel (formerly ZEIT)/next.js/gfi_issue14747.yaml,9 days 22:09:49.000000000,67,1
339,Node.js/node/gfi_issue12771.yaml,17 days 20:44:13.000000000,1054,1
340,Material-UI/material-ui/gfi_issue11319.yaml,12 days 04:45:42.000000000,4730,1
341,Material-UI/material-ui/gfi_issue19705.yaml,17 days 13:00:02.000000000,640,1
342,Node.js/node/gfi_issue1797.yaml,1 days 11:47:27.000000000,2223,1
343,Material-UI/material-ui/gfi_issue13137.yaml,10 days 00:19:46.000000000,4047,1
344,Microsoft/vscode/gfi_issue71242.yaml,204 days 13:47:56.000000000,593,1
345,Material-UI/material-ui/gfi_issue14405.yaml,108 days 14:36:57.000000000,3406,1
346,Microsoft/vscode/gfi_issue45197.yaml,8 days 20:35:15.000000000,1292,1
347,Vercel (formerly ZEIT)/next.js/gfi_issue11014.yaml,94 days 15:20:32.000000000,634,1
348,Material-UI/material-ui/gfi_issue13246.yaml,6 days 11:55:15.000000000,4001,1
349,Material-UI/material-ui/gfi_issue17245.yaml,220 days 06:07:19.000000000,2122,1
350,Electron/electron/gfi_issue3816.yaml,23 days 05:09:55.000000000,846,1
351,Material-UI/material-ui/gfi_issue8426.yaml,767 days 02:04:21.000000000,5665,1
352,Material-UI/material-ui/gfi_issue9466.yaml,2 days 19:34:34.000000000,5347,1
353,Microsoft/vscode/gfi_issue71577.yaml,45 days 14:38:39.000000000,566,1
354,Material-UI/material-ui/gfi_issue19767.yaml,1 days 07:24:12.000000000,620,1
355,Vercel (formerly ZEIT)/next.js/gfi_issue9439.yaml,9 days 15:54:38.000000000,986,1
356,Microsoft/TypeScript/gfi_issue36116.yaml,12 days 19:15:06.000000000,114,1
357,Material-UI/material-ui/gfi_issue14959.yaml,0 days 14:01:50.000000000,3142,1
358,Microsoft/vscode/gfi_issue45266.yaml,11 days 04:15:41.000000000,1273,1
359,Material-UI/material-ui/gfi_issue19865.yaml,4 days 01:50:07.000000000,579,1
360,Electron/electron/gfi_issue10837.yaml,0 days 23:15:06.000000000,138,1
361,Material-UI/material-ui/gfi_issue8912.yaml,475 days 16:28:59.000000000,5548,1
362,Material-UI/material-ui/gfi_issue10831.yaml,278 days 20:48:13.000000000,4870,1
363,Node.js/node/gfi_issue12289.yaml,42 days 05:35:05.000000000,1117,1
364,Node.js/node/gfi_issue30602.yaml,36 days 20:11:59.000000000,108,1
365,Electron/electron/gfi_issue8881.yaml,17 days 23:15:26.000000000,235,1
366,Material-UI/material-ui/gfi_issue14618.yaml,0 days 19:30:37.000000000,3275,1
367,Material-UI/material-ui/gfi_issue16665.yaml,4 days 23:49:54.000000000,2399,1
368,Material-UI/material-ui/gfi_issue18958.yaml,12 days 17:33:36.000000000,1083,1
369,Material-UI/material-ui/gfi_issue10383.yaml,47 days 18:08:03.000000000,5014,1
370,Material-UI/material-ui/gfi_issue7744.yaml,349 days 20:11:20.000000000,5840,1
371,Microsoft/vscode/gfi_issue30055.yaml,55 days 19:10:44.000000000,1765,1
372,Node.js/node/gfi_issue3570.yaml,0 days 00:04:05.000000000,2017,1
373,Kubernetes/kubernetes/gfi_issue70421.yaml,451 days 00:01:09.000000000,683,1
374,Material-UI/material-ui/gfi_issue8939.yaml,3 days 22:43:05.000000000,5534,1
375,Microsoft/vscode/gfi_issue26957.yaml,187 days 19:20:12.000000000,1876,1
376,Microsoft/TypeScript/gfi_issue31365.yaml,40 days 00:33:29.000000000,273,1
377,Material-UI/material-ui/gfi_issue4414.yaml,370 days 07:21:33.000000000,6186,1
378,Electron/electron/gfi_issue9268.yaml,754 days 19:10:10.000000000,189,1
379,Material-UI/material-ui/gfi_issue7450.yaml,505 days 13:11:49.000000000,5980,1
380,Material-UI/material-ui/gfi_issue20727.yaml,10 days 01:43:13.000000000,325,1
381,Material-UI/material-ui/gfi_issue16833.yaml,29 days 09:12:02.000000000,2344,1
382,Material-UI/material-ui/gfi_issue7521.yaml,15 days 10:14:14.000000000,5898,1
383,Deno Land/deno/gfi_issue791.yaml,0 days 09:54:39.000000000,309,1
384,Node.js/node/gfi_issue5444.yaml,737 days 17:09:35.000000000,1914,1
385,Kubernetes/kubernetes/gfi_issue79209.yaml,235 days 23:50:20.000000000,452,1
386,Microsoft/vscode/gfi_issue55376.yaml,43 days 20:28:21.000000000,1025,1
387,Microsoft/TypeScript/gfi_issue32662.yaml,199 days 16:34:10.000000000,231,1
388,Material-UI/material-ui/gfi_issue16541.yaml,11 days 00:02:19.000000000,2493,1
389,Node.js/node/gfi_issue4339.yaml,529 days 02:57:55.000000000,1978,1
390,Deno Land/deno/gfi_issue1105.yaml,132 days 17:44:32.000000000,298,1
391,Microsoft/vscode/gfi_issue50736.yaml,106 days 19:55:40.000000000,1139,1
392,Microsoft/TypeScript/gfi_issue20850.yaml,14 days 01:10:43.000000000,833,1
393,Material-UI/material-ui/gfi_issue11865.yaml,384 days 23:39:44.000000000,4550,1
394,Material-UI/material-ui/gfi_issue12656.yaml,0 days 03:07:22.000000000,4238,1
395,Electron/electron/gfi_issue3775.yaml,3 days 21:09:40.000000000,848,1
396,Material-UI/material-ui/gfi_issue8844.yaml,0 days 21:18:09.000000000,5575,1
397,Electron/electron/gfi_issue3928.yaml,7 days 16:57:41.000000000,842,1
398,Node.js/node/gfi_issue19893.yaml,54 days 00:55:12.000000000,582,1
399,Electron/electron/gfi_issue3584.yaml,14 days 07:22:05.000000000,855,1
400,Microsoft/vscode/gfi_issue69240.yaml,165 days 19:40:27.000000000,633,1
401,Material-UI/material-ui/gfi_issue9907.yaml,0 days 20:40:17.000000000,5150,1
402,Microsoft/TypeScript/gfi_issue32843.yaml,231 days 04:44:13.000000000,221,1
403,Material-UI/material-ui/gfi_issue17693.yaml,0 days 13:49:06.000000000,1862,1
404,Microsoft/vscode/gfi_issue96181.yaml,1 days 05:48:21.000000000,94,1
405,Material-UI/material-ui/gfi_issue19363.yaml,12 days 00:10:46.000000000,874,1
406,Material-UI/material-ui/gfi_issue9050.yaml,11 days 20:25:57.000000000,5511,1
407,Microsoft/vscode/gfi_issue95387.yaml,56 days 13:22:14.000000000,106,1
408,Node.js/node/gfi_issue393.yaml,302 days 14:57:47.000000000,2276,1
409,Material-UI/material-ui/gfi_issue16565.yaml,102 days 00:16:06.000000000,2461,1
410,Material-UI/material-ui/gfi_issue9158.yaml,26 days 05:14:05.000000000,5451,1
411,Material-UI/material-ui/gfi_issue14445.yaml,205 days 07:42:44.000000000,3386,1
412,Material-UI/material-ui/gfi_issue17476.yaml,3 days 00:21:11.000000000,1983,1
413,Material-UI/material-ui/gfi_issue20488.yaml,48 days 03:15:37.000000000,415,1
414,Material-UI/material-ui/gfi_issue12951.yaml,0 days 18:20:46.000000000,4088,1
415,Microsoft/TypeScript/gfi_issue38225.yaml,14 days 08:30:34.000000000,32,1
416,Material-UI/material-ui/gfi_issue19677.yaml,24 days 17:10:58.000000000,679,1
417,Microsoft/vscode/gfi_issue36981.yaml,19 days 03:41:29.000000000,1552,1
418,Microsoft/TypeScript/gfi_issue24554.yaml,719 days 19:07:38.000000000,667,1
419,Material-UI/material-ui/gfi_issue12013.yaml,518 days 19:23:59.000000000,4506,1
420,Material-UI/material-ui/gfi_issue14331.yaml,0 days 20:55:36.000000000,3435,1
421,Deno Land/deno/gfi_issue4394.yaml,4 days 01:25:48.000000000,117,1
422,Deno Land/deno/gfi_issue554.yaml,18 days 11:25:46.000000000,323,1
423,Electron/electron/gfi_issue4414.yaml,171 days 01:38:22.000000000,809,1
424,Node.js/node/gfi_issue19592.yaml,12 days 13:24:20.000000000,606,1
425,Material-UI/material-ui/gfi_issue16488.yaml,4 days 13:38:31.000000000,2504,1
426,Material-UI/material-ui/gfi_issue19258.yaml,7 days 00:32:21.000000000,929,1
427,Material-UI/material-ui/gfi_issue15954.yaml,2 days 06:14:53.000000000,2811,1
428,Electron/electron/gfi_issue8299.yaml,162 days 11:49:54.000000000,331,1
429,Microsoft/vscode/gfi_issue42838.yaml,230 days 18:13:44.000000000,1414,1
430,Vercel (formerly ZEIT)/next.js/gfi_issue9582.yaml,32 days 10:54:13.000000000,924,1
431,Material-UI/material-ui/gfi_issue17784.yaml,16 days 09:21:32.000000000,1841,1
432,Material-UI/material-ui/gfi_issue12261.yaml,3 days 14:45:06.000000000,4369,1
433,Material-UI/material-ui/gfi_issue15794.yaml,2 days 21:55:47.000000000,2867,1
434,Microsoft/TypeScript/gfi_issue9093.yaml,486 days 05:33:07.000000000,1362,1
435,Microsoft/TypeScript/gfi_issue25667.yaml,5 days 18:17:17.000000000,590,1
436,Microsoft/vscode/gfi_issue76141.yaml,8 days 01:18:58.000000000,439,1
437,Material-UI/material-ui/gfi_issue8104.yaml,0 days 01:58:42.000000000,5769,1
438,Microsoft/TypeScript/gfi_issue10108.yaml,84 days 14:10:04.000000000,1320,1
439,Material-UI/material-ui/gfi_issue7918.yaml,0 days 03:53:22.000000000,5821,1
440,Electron/electron/gfi_issue11618.yaml,24 days 12:33:05.000000000,115,1
441,Material-UI/material-ui/gfi_issue20941.yaml,12 days 21:15:50.000000000,255,1
442,Material-UI/material-ui/gfi_issue8134.yaml,1 days 03:44:48.000000000,5755,1
443,Deno Land/deno/gfi_issue793.yaml,0 days 08:56:46.000000000,309,1
444,Material-UI/material-ui/gfi_issue11887.yaml,0 days 03:02:29.000000000,4534,1
445,Material-UI/material-ui/gfi_issue17385.yaml,21 days 03:34:42.000000000,2070,1
446,Node.js/node/gfi_issue30090.yaml,3 days 16:48:10.000000000,135,1
447,Deno Land/deno/gfi_issue6302.yaml,3 days 17:15:43.000000000,23,1
448,Material-UI/material-ui/gfi_issue17672.yaml,140 days 14:12:27.000000000,1885,1
449,Deno Land/deno/gfi_issue3228.yaml,8 days 16:43:13.000000000,196,1
450,vuejs/vue/gfi_issue8634.yaml,131 days 22:38:46.000000000,58,1
451,Microsoft/vscode/gfi_issue33683.yaml,117 days 01:01:19.000000000,1650,1
452,Kubernetes/kubernetes/gfi_issue55219.yaml,487 days 04:01:39.000000000,1086,1
453,Microsoft/vscode/gfi_issue44020.yaml,223 days 22:58:16.000000000,1353,1
454,Material-UI/material-ui/gfi_issue11807.yaml,2 days 18:00:18.000000000,4581,1
455,Node.js/node/gfi_issue13584.yaml,4 days 23:45:58.000000000,1001,1
456,Material-UI/material-ui/gfi_issue11947.yaml,23 days 17:25:26.000000000,4524,1
457,vuejs/vue/gfi_issue9734.yaml,104 days 22:28:42.000000000,31,1
458,Microsoft/vscode/gfi_issue28821.yaml,160 days 22:08:11.000000000,1832,1
459,Material-UI/material-ui/gfi_issue18576.yaml,0 days 07:43:47.000000000,1341,1
460,Vercel (formerly ZEIT)/next.js/gfi_issue14464.yaml,7 days 10:52:44.000000000,99,1
461,Microsoft/vscode/gfi_issue38459.yaml,320 days 07:37:52.000000000,1495,1
462,Material-UI/material-ui/gfi_issue13361.yaml,22 days 23:21:08.000000000,3950,1
463,Material-UI/material-ui/gfi_issue9689.yaml,2 days 22:14:07.000000000,5236,1
464,Material-UI/material-ui/gfi_issue10921.yaml,1 days 20:58:42.000000000,4839,1
465,Material-UI/material-ui/gfi_issue10275.yaml,1 days 09:29:52.000000000,5052,1
466,Node.js/node/gfi_issue19711.yaml,6 days 22:04:42.000000000,591,1
467,Material-UI/material-ui/gfi_issue8832.yaml,2 days 21:37:50.000000000,5581,1
468,Material-UI/material-ui/gfi_issue9115.yaml,54 days 12:51:47.000000000,5480,1
469,Microsoft/TypeScript/gfi_issue5361.yaml,359 days 06:52:48.000000000,1657,1
470,Microsoft/vscode/gfi_issue27271.yaml,41 days 19:39:34.000000000,1871,1
471,Microsoft/vscode/gfi_issue62526.yaml,3 days 14:15:01.000000000,807,1
472,Node.js/node/gfi_issue32290.yaml,1 days 04:43:57.000000000,54,1
473,Node.js/node/gfi_issue8913.yaml,647 days 03:14:50.000000000,1642,1
474,Material-UI/material-ui/gfi_issue12840.yaml,7 days 07:14:56.000000000,4163,1
475,Material-UI/material-ui/gfi_issue10826.yaml,502 days 22:03:15.000000000,4879,1
476,Material-UI/material-ui/gfi_issue13447.yaml,2 days 20:44:38.000000000,3923,1
477,Microsoft/TypeScript/gfi_issue22028.yaml,43 days 12:26:48.000000000,751,1
478,Electron/electron/gfi_issue8735.yaml,11 days 22:19:20.000000000,284,1
479,Material-UI/material-ui/gfi_issue9487.yaml,3 days 01:41:46.000000000,5323,1
480,Material-UI/material-ui/gfi_issue7221.yaml,30 days 08:52:45.000000000,5995,1
481,Node.js/node/gfi_issue20853.yaml,4 days 23:06:52.000000000,513,1
482,Microsoft/TypeScript/gfi_issue16702.yaml,5 days 21:23:35.000000000,1085,1
483,Electron/electron/gfi_issue6146.yaml,662 days 11:34:01.000000000,622,1
484,Material-UI/material-ui/gfi_issue14673.yaml,1 days 08:14:57.000000000,3249,1
485,Material-UI/material-ui/gfi_issue13520.yaml,32 days 04:00:47.000000000,3881,1
486,Electron/electron/gfi_issue1369.yaml,233 days 05:02:37.000000000,1096,1
487,Material-UI/material-ui/gfi_issue13470.yaml,74 days 18:33:48.000000000,3911,1
488,Vercel (formerly ZEIT)/next.js/gfi_issue14595.yaml,0 days 18:19:55.000000000,94,1
489,Microsoft/TypeScript/gfi_issue26218.yaml,185 days 19:44:09.000000000,556,1
490,Electron/electron/gfi_issue4610.yaml,10 days 20:57:49.000000000,787,1
491,Electron/electron/gfi_issue4905.yaml,60 days 14:42:19.000000000,767,1
492,Electron/electron/gfi_issue5204.yaml,0 days 22:18:05.000000000,746,1
493,Node.js/node/gfi_issue6046.yaml,26 days 21:37:35.000000000,1851,1
494,Material-UI/material-ui/gfi_issue14203.yaml,230 days 22:14:29.000000000,3551,1
495,Material-UI/material-ui/gfi_issue11483.yaml,0 days 03:57:59.000000000,4677,1
496,Node.js/node/gfi_issue1990.yaml,0 days 12:16:03.000000000,2220,1
497,Material-UI/material-ui/gfi_issue10563.yaml,3 days 06:28:11.000000000,4959,1
498,Microsoft/vscode/gfi_issue65287.yaml,1 days 06:38:18.000000000,763,1
499,Electron/electron/gfi_issue8793.yaml,235 days 02:50:40.000000000,259,1
500,Material-UI/material-ui/gfi_issue20824.yaml,4 days 18:40:30.000000000,290,1
501,Material-UI/material-ui/gfi_issue14294.yaml,14 days 02:57:19.000000000,3475,1
502,Material-UI/material-ui/gfi_issue11663.yaml,5 days 12:55:06.000000000,4617,1
503,Material-UI/material-ui/gfi_issue8549.yaml,0 days 13:57:10.000000000,5644,1
504,Microsoft/vscode/gfi_issue55723.yaml,18 days 11:32:21.000000000,1021,1
505,Kubernetes/kubernetes/gfi_issue92561.yaml,5 days 18:51:26.000000000,35,1
506,Node.js/node/gfi_issue19796.yaml,7 days 22:25:39.000000000,584,1
507,Material-UI/material-ui/gfi_issue17876.yaml,13 days 00:43:48.000000000,1810,1
508,Microsoft/TypeScript/gfi_issue4992.yaml,116 days 09:29:45.000000000,1694,1
509,Material-UI/material-ui/gfi_issue7959.yaml,0 days 10:44:34.000000000,5814,1
510,Material-UI/material-ui/gfi_issue17144.yaml,2 days 03:43:33.000000000,2143,1
511,Material-UI/material-ui/gfi_issue20351.yaml,0 days 20:50:50.000000000,440,1
512,Electron/electron/gfi_issue8952.yaml,424 days 21:35:36.000000000,232,1
513,Material-UI/material-ui/gfi_issue11761.yaml,1 days 04:47:59.000000000,4586,1
514,Microsoft/TypeScript/gfi_issue21251.yaml,599 days 15:42:58.000000000,791,1
515,Material-UI/material-ui/gfi_issue19860.yaml,9 days 03:09:08.000000000,593,1
516,Microsoft/TypeScript/gfi_issue21084.yaml,12 days 14:31:07.000000000,815,1
517,Kubernetes/kubernetes/gfi_issue73385.yaml,4 days 21:47:56.000000000,543,1
518,Material-UI/material-ui/gfi_issue8173.yaml,0 days 11:37:13.000000000,5749,1
519,Material-UI/material-ui/gfi_issue15005.yaml,1 days 07:35:52.000000000,3132,1
520,Material-UI/material-ui/gfi_issue10802.yaml,25 days 05:25:19.000000000,4889,1
521,Material-UI/material-ui/gfi_issue18995.yaml,6 days 01:38:30.000000000,1049,1
522,Node.js/node/gfi_issue26385.yaml,53 days 08:21:17.000000000,313,1
523,Material-UI/material-ui/gfi_issue10636.yaml,0 days 16:16:44.000000000,4907,1
524,Material-UI/material-ui/gfi_issue18173.yaml,60 days 00:54:55.000000000,1653,1
525,Material-UI/material-ui/gfi_issue10461.yaml,1 days 10:03:03.000000000,4988,1
526,Node.js/node/gfi_issue15259.yaml,14 days 12:00:40.000000000,907,1
527,Material-UI/material-ui/gfi_issue12210.yaml,3 days 07:44:31.000000000,4395,1
528,Microsoft/vscode/gfi_issue76195.yaml,120 days 15:23:58.000000000,438,1
529,Material-UI/material-ui/gfi_issue8216.yaml,17 days 05:18:23.000000000,5726,1
530,Material-UI/material-ui/gfi_issue10113.yaml,9 days 17:37:03.000000000,5106,1
531,Node.js/node/gfi_issue8644.yaml,122 days 04:24:30.000000000,1708,1
532,Microsoft/vscode/gfi_issue35373.yaml,2 days 21:14:56.000000000,1586,1
533,Microsoft/vscode/gfi_issue1929.yaml,405 days 18:05:13.000000000,2392,1
534,Kubernetes/kubernetes/gfi_issue70588.yaml,88 days 05:04:39.000000000,666,1
535,Electron/electron/gfi_issue4084.yaml,11 days 04:07:48.000000000,828,1
536,Material-UI/material-ui/gfi_issue3948.yaml,437 days 00:46:08.000000000,6190,1
537,Microsoft/vscode/gfi_issue66421.yaml,12 days 18:10:37.000000000,693,1
538,Material-UI/material-ui/gfi_issue14285.yaml,191 days 20:25:05.000000000,3477,1
539,Microsoft/TypeScript/gfi_issue26872.yaml,27 days 00:22:18.000000000,539,1
540,Material-UI/material-ui/gfi_issue20023.yaml,33 days 12:38:19.000000000,545,1
541,Material-UI/material-ui/gfi_issue13625.yaml,378 days 00:39:43.000000000,3828,1
542,Microsoft/TypeScript/gfi_issue14696.yaml,10 days 21:32:46.000000000,1145,1
543,Electron/electron/gfi_issue5983.yaml,21 days 23:12:33.000000000,651,1
544,Material-UI/material-ui/gfi_issue17323.yaml,17 days 23:20:55.000000000,2097,1
545,Microsoft/TypeScript/gfi_issue37456.yaml,14 days 06:43:08.000000000,64,1
546,Material-UI/material-ui/gfi_issue12449.yaml,17 days 00:19:57.000000000,4296,1
547,Material-UI/material-ui/gfi_issue20785.yaml,5 days 17:20:12.000000000,305,1
548,Material-UI/material-ui/gfi_issue12252.yaml,0 days 15:43:34.000000000,4375,1
549,Material-UI/material-ui/gfi_issue5459.yaml,83 days 21:50:11.000000000,6111,1
550,Node.js/node/gfi_issue3963.yaml,687 days 10:31:17.000000000,1991,1
551,Material-UI/material-ui/gfi_issue10281.yaml,3 days 19:42:36.000000000,5047,1
552,Node.js/node/gfi_issue19304.yaml,10 days 17:23:20.000000000,628,1
553,Microsoft/TypeScript/gfi_issue29035.yaml,131 days 22:40:29.000000000,432,1
554,Vercel (formerly ZEIT)/next.js/gfi_issue13132.yaml,19 days 07:37:22.000000000,327,1
555,Material-UI/material-ui/gfi_issue20578.yaml,1 days 12:50:57.000000000,400,1
556,Node.js/node/gfi_issue33348.yaml,45 days 14:47:54.000000000,40,1
557,Material-UI/material-ui/gfi_issue13178.yaml,1 days 12:30:01.000000000,4016,1
558,Microsoft/vscode/gfi_issue23055.yaml,343 days 06:43:59.000000000,1966,1
559,Material-UI/material-ui/gfi_issue12764.yaml,4 days 19:32:43.000000000,4212,1
560,Electron/electron/gfi_issue7202.yaml,7 days 18:20:28.000000000,508,1
561,Microsoft/TypeScript/gfi_issue32471.yaml,0 days 05:29:49.000000000,243,1
562,Microsoft/vscode/gfi_issue27997.yaml,15 days 08:54:22.000000000,1845,1
563,Node.js/node/gfi_issue4569.yaml,12 days 03:37:13.000000000,1952,1
564,Microsoft/TypeScript/gfi_issue24172.yaml,0 days 21:34:24.000000000,676,1
565,Microsoft/vscode/gfi_issue57910.yaml,121 days 16:30:14.000000000,922,1
566,Microsoft/TypeScript/gfi_issue19996.yaml,64 days 22:10:10.000000000,889,1
567,Node.js/node/gfi_issue9157.yaml,6 days 20:03:15.000000000,1531,1
568,Node.js/node/gfi_issue9001.yaml,1 days 09:41:49.000000000,1586,1
569,Vercel (formerly ZEIT)/next.js/gfi_issue15111.yaml,4 days 09:04:32.000000000,18,1
570,Node.js/node/gfi_issue2385.yaml,728 days 12:24:52.000000000,2164,1
571,Microsoft/TypeScript/gfi_issue27018.yaml,0 days 05:15:02.000000000,521,1
572,Kubernetes/kubernetes/gfi_issue70198.yaml,55 days 01:36:24.000000000,701,1
573,Material-UI/material-ui/gfi_issue11854.yaml,1 days 01:15:30.000000000,4559,1
574,Microsoft/vscode/gfi_issue23797.yaml,87 days 17:11:46.000000000,1944,1
575,Microsoft/TypeScript/gfi_issue35060.yaml,2 days 23:06:26.000000000,182,1
576,Kubernetes/kubernetes/gfi_issue69776.yaml,25 days 20:24:27.000000000,770,1
577,Node.js/node/gfi_issue3788.yaml,3 days 15:20:42.000000000,2006,1
578,Microsoft/vscode/gfi_issue22318.yaml,231 days 14:22:36.000000000,2035,1
579,Microsoft/vscode/gfi_issue30147.yaml,263 days 15:47:27.000000000,1758,1
580,Vercel (formerly ZEIT)/next.js/gfi_issue11519.yaml,4 days 09:01:45.000000000,547,1
581,Material-UI/material-ui/gfi_issue20193.yaml,3 days 19:57:04.000000000,488,1
582,Material-UI/material-ui/gfi_issue11015.yaml,1 days 02:00:56.000000000,4804,1
583,Material-UI/material-ui/gfi_issue20296.yaml,4 days 23:34:12.000000000,465,1
584,Node.js/node/gfi_issue6925.yaml,30 days 19:38:05.000000000,1747,1
585,Microsoft/vscode/gfi_issue35555.yaml,68 days 14:28:44.000000000,1584,1
586,Material-UI/material-ui/gfi_issue7456.yaml,1 days 02:36:49.000000000,5921,1
587,Microsoft/TypeScript/gfi_issue35410.yaml,25 days 10:04:15.000000000,180,1
588,Electron/electron/gfi_issue5465.yaml,1 days 14:04:39.000000000,719,1
589,Material-UI/material-ui/gfi_issue2913.yaml,575 days 11:49:52.000000000,6232,1
590,Electron/electron/gfi_issue8064.yaml,28 days 04:19:54.000000000,364,1
591,Material-UI/material-ui/gfi_issue10886.yaml,0 days 20:06:40.000000000,4846,1
592,vuejs/vue/gfi_issue5603.yaml,42 days 15:56:03.000000000,143,1
593,Vercel (formerly ZEIT)/next.js/gfi_issue9371.yaml,0 days 05:04:48.000000000,1011,1
594,Material-UI/material-ui/gfi_issue14181.yaml,1 days 13:51:30.000000000,3557,1
595,Node.js/node/gfi_issue16504.yaml,7 days 12:09:25.000000000,810,1
596,Kubernetes/kubernetes/gfi_issue66766.yaml,563 days 21:52:18.000000000,1025,1
597,Material-UI/material-ui/gfi_issue13076.yaml,0 days 04:36:19.000000000,4056,1
598,Node.js/node/gfi_issue9378.yaml,217 days 19:44:18.000000000,1489,1
599,Material-UI/material-ui/gfi_issue16163.yaml,116 days 18:46:24.000000000,2764,1
600,Material-UI/material-ui/gfi_issue7342.yaml,0 days 04:30:45.000000000,5982,1
601,Microsoft/TypeScript/gfi_issue13629.yaml,434 days 17:43:13.000000000,1160,1
602,Microsoft/vscode/gfi_issue20290.yaml,61 days 21:45:33.000000000,2101,1
603,Microsoft/vscode/gfi_issue29944.yaml,445 days 00:10:50.000000000,1778,1
604,Material-UI/material-ui/gfi_issue8372.yaml,0 days 14:02:48.000000000,5680,1
605,Material-UI/material-ui/gfi_issue12197.yaml,78 days 03:25:30.000000000,4406,1
606,Microsoft/vscode/gfi_issue80297.yaml,42 days 03:49:08.000000000,337,1
607,Node.js/node/gfi_issue26995.yaml,214 days 21:30:29.000000000,271,1
608,Material-UI/material-ui/gfi_issue10234.yaml,6 days 20:46:29.000000000,5082,1
609,Microsoft/vscode/gfi_issue88294.yaml,40 days 17:19:46.000000000,205,1
610,Node.js/node/gfi_issue15753.yaml,43 days 05:38:13.000000000,843,1
611,Material-UI/material-ui/gfi_issue17566.yaml,3 days 03:50:02.000000000,1945,1
612,Microsoft/TypeScript/gfi_issue13353.yaml,4 days 22:55:19.000000000,1173,1
613,Material-UI/material-ui/gfi_issue10161.yaml,0 days 09:06:53.000000000,5098,1
614,Node.js/node/gfi_issue21391.yaml,44 days 10:05:36.000000000,447,1
615,Material-UI/material-ui/gfi_issue18697.yaml,0 days 21:07:52.000000000,1233,1
616,Microsoft/vscode/gfi_issue66185.yaml,290 days 23:43:05.000000000,728,1
617,Material-UI/material-ui/gfi_issue11332.yaml,0 days 20:12:53.000000000,4713,1
618,Material-UI/material-ui/gfi_issue9879.yaml,0 days 17:25:39.000000000,5153,1
619,Electron/electron/gfi_issue8118.yaml,180 days 18:27:49.000000000,350,1
620,Node.js/node/gfi_issue5514.yaml,12 days 20:02:11.000000000,1885,1
621,Microsoft/TypeScript/gfi_issue10205.yaml,7 days 02:49:37.000000000,1247,1
622,Material-UI/material-ui/gfi_issue8599.yaml,2 days 23:08:02.000000000,5638,1
623,Material-UI/material-ui/gfi_issue12798.yaml,3 days 13:15:33.000000000,4191,1
624,Vercel (formerly ZEIT)/next.js/gfi_issue15102.yaml,3 days 19:56:04.000000000,26,1
625,Node.js/node/gfi_issue13983.yaml,76 days 14:59:08.000000000,982,1
626,Vercel (formerly ZEIT)/next.js/gfi_issue9962.yaml,14 days 04:55:24.000000000,793,1
627,Material-UI/material-ui/gfi_issue17932.yaml,1 days 10:14:08.000000000,1745,1
628,Material-UI/material-ui/gfi_issue13533.yaml,0 days 20:02:07.000000000,3869,1
629,Deno Land/deno/gfi_issue3063.yaml,0 days 12:03:45.000000000,231,1
630,Material-UI/material-ui/gfi_issue9037.yaml,2 days 16:15:49.000000000,5515,1
631,Deno Land/deno/gfi_issue4326.yaml,0 days 21:58:44.000000000,118,1
632,Material-UI/material-ui/gfi_issue2932.yaml,810 days 15:01:35.000000000,6227,1
633,Material-UI/material-ui/gfi_issue13406.yaml,0 days 13:44:41.000000000,3941,1
634,Deno Land/deno/gfi_issue3848.yaml,2 days 03:25:27.000000000,171,1
635,Kubernetes/kubernetes/gfi_issue69896.yaml,203 days 14:56:47.000000000,748,1
636,Material-UI/material-ui/gfi_issue12116.yaml,2 days 16:29:35.000000000,4418,1
637,Microsoft/TypeScript/gfi_issue8101.yaml,33 days 00:03:55.000000000,1415,1
638,Material-UI/material-ui/gfi_issue4897.yaml,198 days 18:00:33.000000000,6135,1
639,Node.js/node/gfi_issue3392.yaml,201 days 11:47:47.000000000,2042,1
640,Material-UI/material-ui/gfi_issue7628.yaml,2 days 12:18:04.000000000,5885,1
641,Deno Land/deno/gfi_issue2056.yaml,183 days 11:09:19.000000000,259,1
642,Vercel (formerly ZEIT)/next.js/gfi_issue10561.yaml,1 days 19:43:44.000000000,675,1
643,Microsoft/TypeScript/gfi_issue23402.yaml,58 days 21:28:03.000000000,691,1
644,Microsoft/TypeScript/gfi_issue2881.yaml,931 days 01:21:40.000000000,1763,1
645,Material-UI/material-ui/gfi_issue21208.yaml,1 days 07:45:50.000000000,169,1
646,Microsoft/vscode/gfi_issue46763.yaml,100 days 15:59:17.000000000,1248,1
647,Node.js/node/gfi_issue3185.yaml,2 days 10:05:08.000000000,2052,1
648,Material-UI/material-ui/gfi_issue9823.yaml,6 days 08:29:53.000000000,5177,1
649,Microsoft/TypeScript/gfi_issue29658.yaml,166 days 05:23:48.000000000,369,1
650,Microsoft/vscode/gfi_issue25936.yaml,0 days 12:58:53.000000000,1882,1
651,Electron/electron/gfi_issue5969.yaml,10 days 13:20:10.000000000,655,1
652,Material-UI/material-ui/gfi_issue16545.yaml,40 days 23:15:04.000000000,2488,1
653,Microsoft/TypeScript/gfi_issue10360.yaml,785 days 07:02:04.000000000,1238,1
654,Node.js/node/gfi_issue597.yaml,191 days 07:26:10.000000000,2254,1
655,Facebook/create-react-app/gfi_issue7411.yaml,70 days 22:13:04.000000000,39,1
656,Material-UI/material-ui/gfi_issue6767.yaml,115 days 03:19:30.000000000,6019,1
657,Material-UI/material-ui/gfi_issue12962.yaml,0 days 19:14:20.000000000,4085,1
658,Node.js/node/gfi_issue21707.yaml,2 days 14:07:00.000000000,441,1
659,Microsoft/vscode/gfi_issue72425.yaml,26 days 23:28:37.000000000,551,1
660,Material-UI/material-ui/gfi_issue16574.yaml,190 days 04:04:33.000000000,2431,1
661,Microsoft/TypeScript/gfi_issue31306.yaml,99 days 17:05:28.000000000,273,1
662,Material-UI/material-ui/gfi_issue8212.yaml,0 days 18:12:18.000000000,5729,1
663,Material-UI/material-ui/gfi_issue10613.yaml,1 days 13:39:36.000000000,4916,1
664,Node.js/node/gfi_issue9045.yaml,2 days 18:06:11.000000000,1572,1
665,Vercel (formerly ZEIT)/next.js/gfi_issue13129.yaml,12 days 02:10:31.000000000,328,1
666,Node.js/node/gfi_issue17508.yaml,148 days 01:28:28.000000000,740,1
667,Material-UI/material-ui/gfi_issue13903.yaml,7 days 13:07:59.000000000,3673,1
668,Node.js/node/gfi_issue7099.yaml,184 days 13:23:41.000000000,1741,1
669,Vercel (formerly ZEIT)/next.js/gfi_issue13117.yaml,5 days 09:16:05.000000000,330,1
670,Material-UI/material-ui/gfi_issue12987.yaml,2 days 17:00:30.000000000,4082,1
671,Material-UI/material-ui/gfi_issue10574.yaml,0 days 23:07:35.000000000,4948,1
672,Node.js/node/gfi_issue30441.yaml,114 days 18:48:10.000000000,134,1
673,Microsoft/TypeScript/gfi_issue31180.yaml,14 days 08:26:41.000000000,286,1
674,Node.js/node/gfi_issue9511.yaml,69 days 12:33:51.000000000,1448,1
675,Microsoft/TypeScript/gfi_issue30241.yaml,78 days 04:32:29.000000000,329,1
676,Material-UI/material-ui/gfi_issue15240.yaml,237 days 19:39:06.000000000,3024,1
677,Electron/electron/gfi_issue16495.yaml,15 days 01:25:27.000000000,58,1
678,Microsoft/TypeScript/gfi_issue6106.yaml,29 days 07:55:08.000000000,1556,1
679,Microsoft/vscode/gfi_issue47133.yaml,8 days 22:02:08.000000000,1224,1
680,Node.js/node/gfi_issue8686.yaml,36 days 23:23:09.000000000,1688,1
681,Material-UI/material-ui/gfi_issue8202.yaml,2 days 05:35:38.000000000,5743,1
682,Material-UI/material-ui/gfi_issue10092.yaml,0 days 13:39:37.000000000,5114,1
683,Microsoft/vscode/gfi_issue76315.yaml,4 days 17:14:34.000000000,431,1
684,Electron/electron/gfi_issue9058.yaml,762 days 00:35:35.000000000,209,1
685,Microsoft/vscode/gfi_issue39738.yaml,9 days 16:10:26.000000000,1471,1
686,Material-UI/material-ui/gfi_issue9629.yaml,0 days 03:28:39.000000000,5255,1
687,Vercel (formerly ZEIT)/next.js/gfi_issue9381.yaml,26 days 18:28:02.000000000,1011,1
688,Material-UI/material-ui/gfi_issue15922.yaml,10 days 18:57:32.000000000,2829,1
689,Microsoft/vscode/gfi_issue35116.yaml,109 days 15:50:30.000000000,1618,1
690,Material-UI/material-ui/gfi_issue13890.yaml,8 days 12:37:39.000000000,3697,1
691,Microsoft/vscode/gfi_issue18214.yaml,291 days 06:52:14.000000000,2151,1
692,Material-UI/material-ui/gfi_issue17227.yaml,5 days 18:01:19.000000000,2127,1
693,Material-UI/material-ui/gfi_issue13953.yaml,1 days 07:01:43.000000000,3653,1
694,Microsoft/vscode/gfi_issue24425.yaml,401 days 01:43:05.000000000,1923,1
695,Node.js/node/gfi_issue14156.yaml,9 days 18:17:04.000000000,974,1
696,Electron/electron/gfi_issue5312.yaml,22 days 11:10:58.000000000,728,1
697,Microsoft/vscode/gfi_issue63749.yaml,3 days 22:02:14.000000000,797,1
698,Microsoft/TypeScript/gfi_issue24839.yaml,25 days 10:12:05.000000000,658,1
699,Microsoft/vscode/gfi_issue40064.yaml,1 days 06:02:39.000000000,1466,1
700,Material-UI/material-ui/gfi_issue15532.yaml,1 days 05:29:01.000000000,2955,1
701,Material-UI/material-ui/gfi_issue18544.yaml,22 days 17:33:29.000000000,1381,1
702,Microsoft/vscode/gfi_issue51031.yaml,102 days 07:31:20.000000000,1124,1
703,Microsoft/vscode/gfi_issue50394.yaml,110 days 21:53:43.000000000,1141,1
704,Microsoft/vscode/gfi_issue73396.yaml,52 days 09:46:33.000000000,527,1
705,Electron/electron/gfi_issue6555.yaml,5 days 03:37:40.000000000,573,1
706,Material-UI/material-ui/gfi_issue15009.yaml,7 days 03:11:34.000000000,3126,1
707,Material-UI/material-ui/gfi_issue8636.yaml,17 days 17:58:10.000000000,5628,1
708,Electron/electron/gfi_issue7968.yaml,14 days 03:39:49.000000000,375,1
709,Material-UI/material-ui/gfi_issue16921.yaml,9 days 10:22:07.000000000,2283,1
710,Vercel (formerly ZEIT)/next.js/gfi_issue9142.yaml,2 days 19:39:10.000000000,1090,1
711,Material-UI/material-ui/gfi_issue12919.yaml,21 days 07:08:04.000000000,4111,1
712,Material-UI/material-ui/gfi_issue17568.yaml,8 days 23:02:29.000000000,1941,1
713,Material-UI/material-ui/gfi_issue17545.yaml,4 days 07:39:54.000000000,1955,1
714,Material-UI/material-ui/gfi_issue18486.yaml,25 days 15:12:55.000000000,1441,1
715,Material-UI/material-ui/gfi_issue13681.yaml,2 days 23:16:48.000000000,3766,1
716,Microsoft/vscode/gfi_issue71304.yaml,133 days 17:34:48.000000000,582,1
717,Material-UI/material-ui/gfi_issue9117.yaml,392 days 10:20:40.000000000,5469,1
718,Material-UI/material-ui/gfi_issue8827.yaml,3 days 16:05:32.000000000,5583,1
719,Material-UI/material-ui/gfi_issue9615.yaml,11 days 10:00:16.000000000,5278,1
720,Material-UI/material-ui/gfi_issue9552.yaml,1 days 06:59:49.000000000,5298,1
721,Vercel (formerly ZEIT)/next.js/gfi_issue13730.yaml,0 days 11:48:59.000000000,244,1
722,Electron/electron/gfi_issue6955.yaml,47 days 20:40:21.000000000,522,1
723,Microsoft/TypeScript/gfi_issue21905.yaml,1 days 04:51:30.000000000,753,1
724,Material-UI/material-ui/gfi_issue10579.yaml,8 days 03:18:35.000000000,4947,1
725,Material-UI/material-ui/gfi_issue12077.yaml,0 days 07:59:48.000000000,4447,1
726,Material-UI/material-ui/gfi_issue10168.yaml,0 days 23:28:25.000000000,5092,1
727,Vercel (formerly ZEIT)/next.js/gfi_issue11288.yaml,34 days 16:55:15.000000000,593,1
728,Electron/electron/gfi_issue6869.yaml,5 days 04:42:57.000000000,539,1
729,Electron/electron/gfi_issue4544.yaml,18 days 14:40:39.000000000,791,1
730,Material-UI/material-ui/gfi_issue15833.yaml,1 days 23:15:31.000000000,2863,1
731,Microsoft/vscode/gfi_issue77343.yaml,26 days 15:22:00.000000000,396,1
732,Electron/electron/gfi_issue2624.yaml,1 days 02:19:22.000000000,997,1
733,Material-UI/material-ui/gfi_issue7003.yaml,0 days 11:00:17.000000000,6018,1
734,Microsoft/vscode/gfi_issue66141.yaml,288 days 13:42:41.000000000,739,1
735,Material-UI/material-ui/gfi_issue13438.yaml,1 days 04:57:28.000000000,3931,1
736,vuejs/vue/gfi_issue7711.yaml,0 days 03:36:10.000000000,103,1
737,Material-UI/material-ui/gfi_issue13636.yaml,0 days 23:29:48.000000000,3786,1
738,Kubernetes/kubernetes/gfi_issue88738.yaml,38 days 02:07:43.000000000,266,1
739,Material-UI/material-ui/gfi_issue15542.yaml,1 days 06:32:32.000000000,2947,1
740,Node.js/node/gfi_issue20280.yaml,2 days 12:30:04.000000000,552,1
741,Material-UI/material-ui/gfi_issue21236.yaml,0 days 18:07:48.000000000,165,1
742,Material-UI/material-ui/gfi_issue14063.yaml,6 days 09:42:39.000000000,3627,1
743,Material-UI/material-ui/gfi_issue7515.yaml,1 days 02:28:57.000000000,5899,1
744,Electron/electron/gfi_issue3364.yaml,60 days 14:52:56.000000000,894,1
745,Material-UI/material-ui/gfi_issue14219.yaml,1 days 06:10:26.000000000,3512,1
746,Material-UI/material-ui/gfi_issue10235.yaml,41 days 14:46:06.000000000,5076,1
747,Microsoft/vscode/gfi_issue80837.yaml,17 days 05:13:56.000000000,292,1
748,Material-UI/material-ui/gfi_issue14442.yaml,1 days 01:36:15.000000000,3389,1
749,Deno Land/deno/gfi_issue1228.yaml,543 days 20:29:40.000000000,287,1
750,Node.js/node/gfi_issue9509.yaml,97 days 18:17:47.000000000,1457,1
751,Microsoft/vscode/gfi_issue80741.yaml,39 days 18:25:42.000000000,302,1
752,Material-UI/material-ui/gfi_issue13334.yaml,4 days 15:09:46.000000000,3956,1
753,Microsoft/vscode/gfi_issue21536.yaml,1 days 02:30:57.000000000,2070,1
754,Material-UI/material-ui/gfi_issue18670.yaml,0 days 22:46:31.000000000,1264,1
755,Material-UI/material-ui/gfi_issue13262.yaml,12 days 01:20:38.000000000,3989,1
756,Vercel (formerly ZEIT)/next.js/gfi_issue13709.yaml,24 days 22:42:45.000000000,254,1
757,Electron/electron/gfi_issue2830.yaml,74 days 14:16:06.000000000,971,1
758,Material-UI/material-ui/gfi_issue17072.yaml,21 days 06:36:31.000000000,2195,1
759,Microsoft/TypeScript/gfi_issue28622.yaml,0 days 04:05:06.000000000,453,1
760,Node.js/node/gfi_issue5727.yaml,36 days 00:08:38.000000000,1862,1
761,Microsoft/TypeScript/gfi_issue6154.yaml,888 days 03:59:14.000000000,1543,1
762,Microsoft/vscode/gfi_issue72587.yaml,111 days 15:49:29.000000000,538,1
763,Node.js/node/gfi_issue3081.yaml,4 days 04:41:22.000000000,2066,1
764,Microsoft/TypeScript/gfi_issue25976.yaml,68 days 22:21:18.000000000,570,1
765,Material-UI/material-ui/gfi_issue13106.yaml,1 days 00:56:05.000000000,4050,1
766,Material-UI/material-ui/gfi_issue18659.yaml,4 days 04:12:06.000000000,1267,1
767,Electron/electron/gfi_issue6056.yaml,1 days 18:38:45.000000000,637,1
768,Electron/electron/gfi_issue8777.yaml,10 days 21:59:18.000000000,273,1
769,Microsoft/vscode/gfi_issue34175.yaml,371 days 14:01:08.000000000,1639,1
770,Microsoft/vscode/gfi_issue24462.yaml,911 days 18:42:46.000000000,1914,1
771,Microsoft/TypeScript/gfi_issue22425.yaml,0 days 15:54:11.000000000,742,1
772,Microsoft/vscode/gfi_issue51677.yaml,6 days 00:15:39.000000000,1107,1
773,Kubernetes/kubernetes/gfi_issue67777.yaml,408 days 16:48:10.000000000,1002,1
774,Microsoft/TypeScript/gfi_issue25201.yaml,626 days 01:06:20.000000000,626,1
775,Material-UI/material-ui/gfi_issue16811.yaml,3 days 18:25:02.000000000,2355,1
776,Material-UI/material-ui/gfi_issue19163.yaml,1 days 04:59:21.000000000,999,1
777,Material-UI/material-ui/gfi_issue11418.yaml,1 days 09:09:30.000000000,4694,1
778,Vercel (formerly ZEIT)/next.js/gfi_issue13965.yaml,1 days 04:46:04.000000000,199,1
779,Material-UI/material-ui/gfi_issue12211.yaml,1 days 00:47:25.000000000,4392,1
780,Material-UI/material-ui/gfi_issue13203.yaml,367 days 19:20:11.000000000,4011,1
781,Node.js/node/gfi_issue14118.yaml,287 days 15:18:22.000000000,980,1
782,Microsoft/TypeScript/gfi_issue23047.yaml,29 days 05:37:22.000000000,710,1
783,Node.js/node/gfi_issue16459.yaml,210 days 18:53:25.000000000,821,1
784,Material-UI/material-ui/gfi_issue13699.yaml,33 days 09:08:13.000000000,3758,1
785,Node.js/node/gfi_issue22158.yaml,26 days 21:45:20.000000000,420,1
786,Microsoft/vscode/gfi_issue20303.yaml,601 days 16:30:06.000000000,2098,1
787,Material-UI/material-ui/gfi_issue9027.yaml,1 days 14:39:09.000000000,5521,1
788,Electron/electron/gfi_issue6123.yaml,5 days 17:41:01.000000000,624,1
789,Material-UI/material-ui/gfi_issue12960.yaml,1 days 08:18:00.000000000,4086,1
790,Microsoft/vscode/gfi_issue71023.yaml,144 days 04:36:57.000000000,597,1
791,Material-UI/material-ui/gfi_issue11857.yaml,452 days 18:19:34.000000000,4552,1
792,Microsoft/TypeScript/gfi_issue6540.yaml,42 days 23:26:19.000000000,1504,1
793,Electron/electron/gfi_issue2749.yaml,519 days 00:28:32.000000000,991,1
794,Node.js/node/gfi_issue17571.yaml,57 days 08:28:53.000000000,733,1
795,Material-UI/material-ui/gfi_issue17812.yaml,12 days 15:36:59.000000000,1819,1
796,Material-UI/material-ui/gfi_issue7288.yaml,22 days 03:46:21.000000000,5990,1
797,Node.js/node/gfi_issue13588.yaml,23 days 22:01:22.000000000,995,1
798,Material-UI/material-ui/gfi_issue9269.yaml,12 days 08:00:06.000000000,5414,1
799,Material-UI/material-ui/gfi_issue6099.yaml,1 days 20:49:14.000000000,6061,1
800,Material-UI/material-ui/gfi_issue13610.yaml,40 days 02:15:52.000000000,3855,1
801,Material-UI/material-ui/gfi_issue13897.yaml,51 days 18:58:19.000000000,3689,1
802,Material-UI/material-ui/gfi_issue15371.yaml,25 days 17:19:10.000000000,2992,1
803,Microsoft/TypeScript/gfi_issue38812.yaml,0 days 00:24:40.000000000,12,1
804,Microsoft/vscode/gfi_issue12910.yaml,194 days 20:00:49.000000000,2261,1
805,Microsoft/vscode/gfi_issue22769.yaml,269 days 16:36:50.000000000,1995,1
806,Material-UI/material-ui/gfi_issue18646.yaml,64 days 17:46:49.000000000,1285,1
807,Node.js/node/gfi_issue12362.yaml,1 days 01:19:43.000000000,1092,1
808,Microsoft/vscode/gfi_issue15613.yaml,168 days 11:27:01.000000000,2182,1
809,Material-UI/material-ui/gfi_issue13646.yaml,419 days 02:53:28.000000000,3784,1
810,Material-UI/material-ui/gfi_issue15955.yaml,4 days 23:54:16.000000000,2804,1
811,Material-UI/material-ui/gfi_issue14455.yaml,245 days 15:56:38.000000000,3369,1
812,Node.js/node/gfi_issue10697.yaml,2 days 23:52:33.000000000,1342,1
813,Electron/electron/gfi_issue5215.yaml,0 days 11:23:58.000000000,737,1
814,Material-UI/material-ui/gfi_issue18344.yaml,28 days 10:21:33.000000000,1527,1
815,Material-UI/material-ui/gfi_issue16560.yaml,95 days 12:05:07.000000000,2480,1
816,Material-UI/material-ui/gfi_issue14718.yaml,1 days 10:07:52.000000000,3215,1
817,Material-UI/material-ui/gfi_issue17377.yaml,153 days 23:57:44.000000000,2080,1
818,Material-UI/material-ui/gfi_issue8217.yaml,16 days 02:54:41.000000000,5712,1
819,Material-UI/material-ui/gfi_issue7465.yaml,2 days 04:47:33.000000000,5914,1
820,Vercel (formerly ZEIT)/next.js/gfi_issue9897.yaml,1 days 15:26:48.000000000,799,1
821,Electron/electron/gfi_issue2814.yaml,559 days 15:13:13.000000000,974,1
822,Node.js/node/gfi_issue2397.yaml,12 days 14:42:16.000000000,2149,1
823,Material-UI/material-ui/gfi_issue20378.yaml,1 days 11:05:07.000000000,438,1
824,Material-UI/material-ui/gfi_issue13070.yaml,1 days 07:11:18.000000000,4060,1
825,Microsoft/TypeScript/gfi_issue10178.yaml,986 days 06:33:04.000000000,1320,1
826,Material-UI/material-ui/gfi_issue18353.yaml,4 days 19:51:53.000000000,1519,1
827,Electron/electron/gfi_issue8133.yaml,417 days 03:57:09.000000000,344,1
828,Microsoft/vscode/gfi_issue95743.yaml,43 days 01:17:25.000000000,101,1
829,Microsoft/vscode/gfi_issue67965.yaml,182 days 07:31:45.000000000,644,1
830,Microsoft/vscode/gfi_issue53696.yaml,7 days 09:29:27.000000000,1076,1
831,Material-UI/material-ui/gfi_issue15911.yaml,323 days 21:56:16.000000000,2839,1
832,Material-UI/material-ui/gfi_issue12643.yaml,6 days 04:48:46.000000000,4248,1
833,vuejs/vue/gfi_issue9361.yaml,12 days 03:58:51.000000000,36,1
834,Material-UI/material-ui/gfi_issue14663.yaml,1 days 08:19:46.000000000,3254,1
835,Microsoft/vscode/gfi_issue76518.yaml,32 days 23:00:52.000000000,430,1
836,Material-UI/material-ui/gfi_issue8676.yaml,0 days 12:52:14.000000000,5605,1
837,Microsoft/TypeScript/gfi_issue19753.yaml,548 days 06:46:59.000000000,908,1
838,Microsoft/TypeScript/gfi_issue3991.yaml,174 days 20:41:08.000000000,1736,1
839,Electron/electron/gfi_issue4574.yaml,14 days 19:30:38.000000000,789,1
840,Microsoft/TypeScript/gfi_issue4986.yaml,3 days 07:27:16.000000000,1695,1
841,Material-UI/material-ui/gfi_issue18743.yaml,1 days 02:31:50.000000000,1230,1
842,Material-UI/material-ui/gfi_issue19463.yaml,2 days 20:40:29.000000000,809,1
843,Microsoft/TypeScript/gfi_issue5030.yaml,5 days 19:24:33.000000000,1692,1
844,Electron/electron/gfi_issue7868.yaml,265 days 09:39:17.000000000,380,1
845,Microsoft/vscode/gfi_issue29241.yaml,172 days 10:23:37.000000000,1818,1
846,Material-UI/material-ui/gfi_issue19872.yaml,3 days 18:15:09.000000000,571,1
847,Electron/electron/gfi_issue5206.yaml,47 days 22:13:00.000000000,744,1
848,Node.js/node/gfi_issue10766.yaml,19 days 00:13:50.000000000,1336,1
849,Microsoft/TypeScript/gfi_issue20026.yaml,54 days 21:43:30.000000000,878,1
850,Microsoft/vscode/gfi_issue70464.yaml,333 days 13:14:04.000000000,604,1
851,Material-UI/material-ui/gfi_issue9721.yaml,0 days 17:54:44.000000000,5216,1
852,Material-UI/material-ui/gfi_issue18885.yaml,2 days 04:18:46.000000000,1100,1
853,Node.js/node/gfi_issue7723.yaml,359 days 00:53:53.000000000,1737,1
854,Material-UI/material-ui/gfi_issue13300.yaml,0 days 22:33:29.000000000,3971,1
855,Electron/electron/gfi_issue3494.yaml,236 days 11:56:59.000000000,875,1
856,Material-UI/material-ui/gfi_issue9782.yaml,0 days 22:30:19.000000000,5182,1
857,Node.js/node/gfi_issue4759.yaml,54 days 02:56:16.000000000,1928,1
858,vuejs/vue/gfi_issue5605.yaml,23 days 14:10:41.000000000,137,1
859,Material-UI/material-ui/gfi_issue5906.yaml,38 days 23:48:30.000000000,6066,1
860,Microsoft/vscode/gfi_issue73644.yaml,87 days 19:17:55.000000000,520,1
861,Node.js/node/gfi_issue9063.yaml,84 days 00:28:12.000000000,1555,1
862,Material-UI/material-ui/gfi_issue17796.yaml,1 days 11:57:51.000000000,1831,1
863,Material-UI/material-ui/gfi_issue18417.yaml,0 days 05:50:31.000000000,1510,1
864,Microsoft/vscode/gfi_issue43179.yaml,85 days 05:18:39.000000000,1401,1
865,Deno Land/deno/gfi_issue1004.yaml,219 days 23:56:38.000000000,306,1
866,Material-UI/material-ui/gfi_issue13532.yaml,0 days 20:51:36.000000000,3871,1
867,Microsoft/TypeScript/gfi_issue36989.yaml,2 days 10:23:25.000000000,96,1
868,Material-UI/material-ui/gfi_issue16454.yaml,103 days 15:12:54.000000000,2547,1
869,Kubernetes/kubernetes/gfi_issue73360.yaml,286 days 23:05:44.000000000,562,1
870,Node.js/node/gfi_issue15425.yaml,6 days 13:59:20.000000000,869,1
871,Vercel (formerly ZEIT)/next.js/gfi_issue14174.yaml,0 days 04:47:07.000000000,154,1
872,Material-UI/material-ui/gfi_issue15773.yaml,10 days 13:10:35.000000000,2872,1
873,Node.js/node/gfi_issue21049.yaml,0 days 12:10:09.000000000,489,1
874,Deno Land/deno/gfi_issue6231.yaml,4 days 15:54:01.000000000,27,1
875,Material-UI/material-ui/gfi_issue16844.yaml,78 days 01:08:55.000000000,2328,1
876,Material-UI/material-ui/gfi_issue15724.yaml,2 days 09:07:02.000000000,2923,1
877,Microsoft/vscode/gfi_issue71258.yaml,134 days 09:10:11.000000000,591,1
878,Material-UI/material-ui/gfi_issue4823.yaml,205 days 20:10:01.000000000,6172,1
879,Material-UI/material-ui/gfi_issue7068.yaml,1 days 14:32:34.000000000,6002,1
880,Material-UI/material-ui/gfi_issue8868.yaml,0 days 01:58:04.000000000,5565,1
881,Material-UI/material-ui/gfi_issue14591.yaml,2 days 03:24:44.000000000,3282,1
882,Microsoft/TypeScript/gfi_issue20390.yaml,13 days 14:17:30.000000000,855,1
883,Material-UI/material-ui/gfi_issue12940.yaml,6 days 16:31:09.000000000,4104,1
884,Node.js/node/gfi_issue17026.yaml,2 days 02:56:21.000000000,762,1
885,Microsoft/vscode/gfi_issue35905.yaml,339 days 02:34:40.000000000,1566,1
886,Microsoft/TypeScript/gfi_issue37306.yaml,9 days 21:04:38.000000000,86,1
887,Electron/electron/gfi_issue5685.yaml,2 days 20:55:20.000000000,670,1
888,vuejs/vue/gfi_issue9623.yaml,3 days 09:25:53.000000000,32,1
889,Deno Land/deno/gfi_issue523.yaml,9 days 23:05:37.000000000,326,1
890,Microsoft/TypeScript/gfi_issue16531.yaml,0 days 20:29:07.000000000,1114,1
891,Material-UI/material-ui/gfi_issue16079.yaml,1 days 08:47:55.000000000,2783,1
892,Kubernetes/kubernetes/gfi_issue91165.yaml,2 days 19:39:58.000000000,113,1
893,Microsoft/vscode/gfi_issue90415.yaml,8 days 10:21:09.000000000,196,1
894,Material-UI/material-ui/gfi_issue5461.yaml,1 days 20:56:59.000000000,6106,1
895,Node.js/node/gfi_issue18703.yaml,12 days 20:04:18.000000000,677,1
896,Microsoft/TypeScript/gfi_issue16675.yaml,322 days 08:31:17.000000000,1110,1
897,Material-UI/material-ui/gfi_issue11837.yaml,26 days 04:45:15.000000000,4567,1
898,Material-UI/material-ui/gfi_issue13617.yaml,0 days 08:00:14.000000000,3843,1
899,Microsoft/TypeScript/gfi_issue20585.yaml,3 days 00:36:24.000000000,839,1
900,Node.js/node/gfi_issue14371.yaml,11 days 11:20:11.000000000,962,1
901,Deno Land/deno/gfi_issue6303.yaml,0 days 04:15:37.000000000,20,1
902,Material-UI/material-ui/gfi_issue5692.yaml,220 days 01:58:45.000000000,6099,1
903,Microsoft/vscode/gfi_issue67670.yaml,266 days 14:58:53.000000000,654,1
904,Material-UI/material-ui/gfi_issue21725.yaml,1 days 11:04:54.000000000,53,1
905,Microsoft/TypeScript/gfi_issue21011.yaml,5 days 03:16:25.000000000,828,1
906,Material-UI/material-ui/gfi_issue13488.yaml,30 days 10:26:32.000000000,3894,1
907,Node.js/node/gfi_issue11895.yaml,3 days 22:37:17.000000000,1182,1
908,Microsoft/vscode/gfi_issue29861.yaml,372 days 00:30:43.000000000,1792,1
909,Microsoft/vscode/gfi_issue29706.yaml,50 days 00:50:18.000000000,1796,1
910,Material-UI/material-ui/gfi_issue18170.yaml,15 days 13:34:24.000000000,1667,1
911,Microsoft/TypeScript/gfi_issue17556.yaml,38 days 22:38:40.000000000,1038,1
912,Material-UI/material-ui/gfi_issue20752.yaml,0 days 22:16:26.000000000,319,1
913,Material-UI/material-ui/gfi_issue11371.yaml,0 days 21:53:40.000000000,4712,1
914,Vercel (formerly ZEIT)/next.js/gfi_issue11999.yaml,16 days 01:56:18.000000000,457,1
915,Material-UI/material-ui/gfi_issue12355.yaml,8 days 06:43:35.000000000,4312,1
916,Electron/electron/gfi_issue6695.yaml,5 days 10:06:31.000000000,541,1
917,Material-UI/material-ui/gfi_issue8109.yaml,0 days 02:58:40.000000000,5762,1
918,Node.js/node/gfi_issue9057.yaml,252 days 09:07:42.000000000,1565,1
919,Node.js/node/gfi_issue30599.yaml,12 days 08:24:26.000000000,122,1
920,Microsoft/vscode/gfi_issue22987.yaml,134 days 17:52:29.000000000,1974,1
921,Node.js/node/gfi_issue23281.yaml,94 days 05:25:33.000000000,391,1
922,Microsoft/vscode/gfi_issue96640.yaml,27 days 16:59:17.000000000,80,1
923,Material-UI/material-ui/gfi_issue8270.yaml,4 days 18:25:43.000000000,5701,1
924,Material-UI/material-ui/gfi_issue12487.yaml,1 days 01:15:34.000000000,4284,1
925,Microsoft/vscode/gfi_issue94439.yaml,25 days 23:31:00.000000000,124,1
926,Microsoft/vscode/gfi_issue92785.yaml,7 days 05:13:44.000000000,144,1
927,Material-UI/material-ui/gfi_issue19935.yaml,1 days 17:06:16.000000000,551,1
928,Microsoft/TypeScript/gfi_issue6153.yaml,264 days 05:54:26.000000000,1554,1
929,Material-UI/material-ui/gfi_issue14893.yaml,3 days 01:39:48.000000000,3155,1
930,Material-UI/material-ui/gfi_issue14712.yaml,20 days 16:18:34.000000000,3220,1
931,Material-UI/material-ui/gfi_issue13703.yaml,0 days 17:21:33.000000000,3743,1
932,Node.js/node/gfi_issue9519.yaml,249 days 15:01:59.000000000,1410,1
933,Material-UI/material-ui/gfi_issue17130.yaml,6 days 07:14:05.000000000,2151,1
934,Deno Land/deno/gfi_issue1533.yaml,360 days 06:09:50.000000000,271,1
935,Electron/electron/gfi_issue8999.yaml,311 days 16:38:15.000000000,225,1
936,Vercel (formerly ZEIT)/next.js/gfi_issue9291.yaml,8 days 16:08:03.000000000,1049,1
937,Node.js/node/gfi_issue5675.yaml,487 days 06:00:53.000000000,1870,1
938,Microsoft/vscode/gfi_issue82173.yaml,8 days 22:33:24.000000000,250,1
939,Facebook/create-react-app/gfi_issue7517.yaml,2 days 13:36:36.000000000,12,1
940,Material-UI/material-ui/gfi_issue7636.yaml,10 days 00:18:57.000000000,5883,1
941,Node.js/node/gfi_issue25495.yaml,45 days 05:14:43.000000000,326,1
942,Electron/electron/gfi_issue5130.yaml,79 days 05:54:06.000000000,754,1
943,Microsoft/TypeScript/gfi_issue10438.yaml,573 days 14:04:55.000000000,1230,1
944,Kubernetes/kubernetes/gfi_issue75191.yaml,335 days 21:12:20.000000000,515,1
945,Material-UI/material-ui/gfi_issue11504.yaml,222 days 16:39:30.000000000,4669,1
946,Material-UI/material-ui/gfi_issue18590.yaml,2 days 02:24:57.000000000,1303,1
947,Material-UI/material-ui/gfi_issue11329.yaml,8 days 18:39:24.000000000,4719,1
948,Material-UI/material-ui/gfi_issue7459.yaml,0 days 16:43:45.000000000,5915,1
949,Electron/electron/gfi_issue369.yaml,599 days 17:19:19.000000000,1105,1
950,Material-UI/material-ui/gfi_issue16970.yaml,1 days 02:41:03.000000000,2245,1
951,Electron/electron/gfi_issue7025.yaml,0 days 12:23:26.000000000,518,1
952,Microsoft/TypeScript/gfi_issue38722.yaml,4 days 17:33:50.000000000,25,1
953,Material-UI/material-ui/gfi_issue6216.yaml,744 days 20:30:15.000000000,6055,1
954,Electron/electron/gfi_issue6236.yaml,16 days 16:40:35.000000000,600,1
955,Microsoft/vscode/gfi_issue37337.yaml,44 days 18:39:31.000000000,1551,1
956,Material-UI/material-ui/gfi_issue14625.yaml,71 days 20:38:14.000000000,3265,1
957,Material-UI/material-ui/gfi_issue10976.yaml,11 days 23:39:39.000000000,4819,1
958,Material-UI/material-ui/gfi_issue9714.yaml,3 days 18:56:17.000000000,5228,1
959,Microsoft/vscode/gfi_issue30622.yaml,152 days 01:52:24.000000000,1738,1
960,Microsoft/vscode/gfi_issue48929.yaml,134 days 09:18:28.000000000,1166,1
961,Material-UI/material-ui/gfi_issue18939.yaml,13 days 22:00:17.000000000,1089,1
962,Microsoft/vscode/gfi_issue45072.yaml,149 days 21:08:04.000000000,1323,1
963,Kubernetes/kubernetes/gfi_issue68201.yaml,221 days 23:03:56.000000000,868,1
964,Vercel (formerly ZEIT)/next.js/gfi_issue10336.yaml,1 days 10:00:56.000000000,736,1
965,Microsoft/vscode/gfi_issue48853.yaml,157 days 01:52:14.000000000,1171,1
966,Material-UI/material-ui/gfi_issue10619.yaml,6 days 15:18:48.000000000,4913,1
967,Microsoft/TypeScript/gfi_issue23891.yaml,7 days 02:32:37.000000000,684,1
968,Microsoft/TypeScript/gfi_issue37409.yaml,2 days 07:48:54.000000000,81,1
969,Node.js/node/gfi_issue16359.yaml,73 days 10:20:34.000000000,829,1
970,Microsoft/TypeScript/gfi_issue28887.yaml,11 days 17:56:20.000000000,447,1
971,Microsoft/TypeScript/gfi_issue24818.yaml,2 days 17:32:29.000000000,658,1
972,Microsoft/vscode/gfi_issue8295.yaml,48 days 23:26:49.000000000,2314,1
973,Facebook/create-react-app/gfi_issue6273.yaml,0 days 07:28:07.000000000,103,1
974,Material-UI/material-ui/gfi_issue7380.yaml,0 days 14:53:40.000000000,5981,1
975,Microsoft/vscode/gfi_issue54726.yaml,17 days 17:51:09.000000000,1047,1
976,Electron/electron/gfi_issue7737.yaml,243 days 00:22:13.000000000,460,1
977,Microsoft/vscode/gfi_issue30294.yaml,2 days 21:16:45.000000000,1755,1
978,Material-UI/material-ui/gfi_issue18757.yaml,8 days 03:16:12.000000000,1222,1
979,Material-UI/material-ui/gfi_issue20067.yaml,33 days 06:04:51.000000000,532,1
980,Material-UI/material-ui/gfi_issue9221.yaml,751 days 13:48:29.000000000,5438,1
981,Node.js/node/gfi_issue28758.yaml,130 days 17:40:06.000000000,177,1
982,Vercel (formerly ZEIT)/next.js/gfi_issue9415.yaml,5 days 18:14:42.000000000,1004,1
983,Material-UI/material-ui/gfi_issue17289.yaml,4 days 01:29:16.000000000,2107,1
984,vuejs/vue/gfi_issue6361.yaml,23 days 11:42:18.000000000,128,1
985,Material-UI/material-ui/gfi_issue16927.yaml,2 days 01:22:30.000000000,2273,1
986,Material-UI/material-ui/gfi_issue16740.yaml,1 days 20:43:11.000000000,2380,1
987,Node.js/node/gfi_issue12161.yaml,6 days 17:04:46.000000000,1145,1
988,Deno Land/deno/gfi_issue955.yaml,125 days 00:57:24.000000000,309,1
989,Material-UI/material-ui/gfi_issue17884.yaml,58 days 04:08:30.000000000,1783,1
990,Material-UI/material-ui/gfi_issue11815.yaml,0 days 05:04:00.000000000,4580,1
991,Material-UI/material-ui/gfi_issue16247.yaml,2 days 21:00:50.000000000,2729,1
992,Deno Land/deno/gfi_issue4670.yaml,10 days 10:46:09.000000000,88,1
993,Kubernetes/kubernetes/gfi_issue83458.yaml,18 days 11:34:42.000000000,293,1
994,Node.js/node/gfi_issue12946.yaml,159 days 14:43:31.000000000,1023,1
995,Microsoft/TypeScript/gfi_issue22923.yaml,9 days 19:37:14.000000000,714,1
996,Material-UI/material-ui/gfi_issue11952.yaml,109 days 23:08:02.000000000,4519,1
997,Material-UI/material-ui/gfi_issue21146.yaml,4 days 11:02:08.000000000,175,1
998,Microsoft/vscode/gfi_issue60799.yaml,223 days 18:02:52.000000000,830,1
999,Electron/electron/gfi_issue8166.yaml,278 days 21:59:58.000000000,341,1
